"id","scene","mode","repeat","workers","window","zone","count","total_ms","mean_ms","count_over_16_67ms","count_over_50ms","percent_over_16_67ms","percent_over_50ms","median_ms","p95_ms","p99_ms","max_ms"
"ecs-before-01","ecs","before","1","4","steady","Render Gather","1285","1277.7871720000007","0.9943869042801562","0","0","0","0","0.899762","1.8896029999999995","2.4964542400000043","3.199888"
"ecs-before-01","ecs","before","1","4","steady","Render Prepare Transforms","1285","984.2899549999988","0.7659844007782092","0","0","0","0","0.715856","1.0947561999999997","1.2922940400000005","1.659223"
"ecs-before-01","ecs","before","1","4","steady","Job Render Transforms","20560","4069.5547649999903","0.19793554304474661","0","0","0","0","0.1871215","0.2957955","0.3613971","1.046779"
"ecs-before-01","ecs","before","1","4","steady","Main Frame","1284","10985.526153000012","8.555705726635523","16","0","1.2461059190031152","0","7.980577","13.273713449999994","17.719507940000017","31.328866"
"ecs-before-01","ecs","before","1","4","steady","Render Submit","1285","6522.698807999993","5.076030200778204","0","0","0","0","4.693627","7.0178062","8.341991240000011","11.796197"
"ecs-before-01","ecs","before","1","4","steady","Job Wait","1285","951.0335090000013","0.7401038980544757","0","0","0","0","0.692477","1.0454558","1.2292453200000002","1.576728"
"ecs-before-01","ecs","before","1","4","steady","Asset Main Thread Tasks","1285","1.865908000000003","0.0014520684824902747","0","0","0","0","0.00104","0.003481999999999998","0.011023600000000017","0.0204"
"ecs-before-01","ecs","before","1","4","steady","Present","1285","719.6152460000005","0.5600118645914401","0","0","0","0","0.50595","1.105054","1.5375742800000023","3.270536"
"ecs-after-01","ecs","after","1","24","steady","Render Gather","1356","1191.552206","0.8787258156342184","0","0","0","0","0.742525","1.6210019999999998","2.8089606000000016","4.854172"
"ecs-after-01","ecs","after","1","24","steady","Render Prepare Transforms","1356","505.7834630000006","0.37299665412979394","0","0","0","0","0.35389349999999997","0.494823","0.7268108000000002","1.086188"
"ecs-after-01","ecs","after","1","24","steady","Render Submit","1355","7488.376712000002","5.526477278228784","0","0","0","0","5.518749","7.16959","8.65138384","12.860645"
"ecs-after-01","ecs","after","1","24","steady","Main Frame","1355","10989.726808000007","8.110499489298897","12","0","0.8856088560885609","0","7.810252","12.212564699999998","16.56163808","26.79228"
"ecs-after-01","ecs","after","1","24","steady","Job Render Transforms","21696","4990.5946239999885","0.23002371976401126","0","0","0","0","0.2172755","0.307879","0.36591899999999977","0.904531"
"ecs-after-01","ecs","after","1","24","steady","Job Wait","1356","379.25378699999993","0.2796856836283185","0","0","0","0","0.267005","0.35845875","0.5536837500000005","0.927871"
"ecs-after-01","ecs","after","1","24","steady","Asset Main Thread Tasks","1356","1.6167840000000007","0.0011923185840707969","0","0","0","0","0.00086","0.0027524999999999997","0.009478000000000047","0.022829"
"ecs-after-01","ecs","after","1","24","steady","Present","1356","518.1195039999998","0.3820940294985249","0","0","0","0","0.340498","0.7085785","1.4676615000000013","2.642058"
"ecs-after-02","ecs","after","2","24","steady","Render Gather","1424","1194.9982970000008","0.8391841973314612","0","0","0","0","0.661067","1.5799582999999995","2.67604489","4.556404"
"ecs-after-02","ecs","after","2","24","steady","Render Prepare Transforms","1424","510.1558749999995","0.35825553019662887","0","0","0","0","0.3398135","0.50142815","0.7383350799999999","1.55267"
"ecs-after-02","ecs","after","2","24","steady","Render Submit","1423","7395.892684999993","5.19739471890372","0","0","0","0","4.790011","7.1719705","8.606803979999995","10.369645"
"ecs-after-02","ecs","after","2","24","steady","Main Frame","1423","10991.948018000001","7.724489120168658","11","0","0.7730147575544624","0","6.912574","12.003496","15.798389039999996","49.951691"
"ecs-after-02","ecs","after","2","24","steady","Job Render Transforms","22784","4991.272359000031","0.21906918710498732","0","0","0","0","0.213166","0.31140864999999995","0.36742766999999976","1.165467"
"ecs-after-02","ecs","after","2","24","steady","Job Wait","1424","387.1955549999999","0.27190699087078646","0","0","0","0","0.265438","0.36333614999999986","0.51222671","1.091999"
"ecs-after-02","ecs","after","2","24","steady","Asset Main Thread Tasks","1424","1.574868999999999","0.0011059473314606735","0","0","0","0","0.00076","0.002368499999999999","0.00799259999999997","0.01856"
"ecs-after-02","ecs","after","2","24","steady","Present","1424","606.350137","0.4258076804775281","2","0","0.1404494382022472","0","0.3353885","0.6440615","1.4126564799999994","42.963659"
"ecs-before-02","ecs","before","2","4","steady","Render Gather","1382","1109.9907629999987","0.8031771078147603","0","0","0","0","0.6599619999999999","1.5199855000000007","2.338240810000005","3.974301"
"ecs-before-02","ecs","before","2","4","steady","Render Prepare Transforms","1382","1065.831956","0.7712242807525326","0","0","0","0","0.7789299999999999","1.0175915","1.3683400700000008","2.23837"
"ecs-before-02","ecs","before","2","4","steady","Job Render Transforms","22112","4407.057504999986","0.19930614621020198","0","0","0","0","0.195186","0.28304445","0.3524700999999998","1.743101"
"ecs-before-02","ecs","before","2","4","steady","Main Frame","1382","10995.217031999999","7.9560181128798835","12","0","0.8683068017366136","0","7.381961","11.517501050000005","15.711025660000015","23.200551"
"ecs-before-02","ecs","before","2","4","steady","Render Submit","1382","7102.896965000002","5.139578122286543","0","0","0","0","4.7638305","6.665470000000001","7.941752540000002","12.068301"
"ecs-before-02","ecs","before","2","4","steady","Job Wait","1382","1032.5148999999994","0.7471164254703324","0","0","0","0","0.755878","0.9794692","1.2177530100000011","2.126483"
"ecs-before-02","ecs","before","2","4","steady","Asset Main Thread Tasks","1383","1.447196000000002","0.0010464179320318163","0","0","0","0","0.00071","0.0023789999999999987","0.006111220000000014","0.01762"
"ecs-before-02","ecs","before","2","4","steady","Present","1383","585.6286210000002","0.4234480267534347","0","0","0","0","0.334334","0.8270368999999992","1.4769378000000013","3.78139"
"ecs-before-03","ecs","before","3","4","steady","Render Gather","1367","1097.8719900000008","0.8031250841258235","0","0","0","0","0.629318","1.5689037000000001","2.675657699999998","4.634858"
"ecs-before-03","ecs","before","3","4","steady","Asset GPU Finalize","2","17.012923999999998","8.506461999999999","0","0","0","0","8.506461999999999","15.839944599999997","16.49180972","16.654776"
"ecs-before-03","ecs","before","3","4","steady","Render Prepare Transforms","1367","1094.2063959999991","0.8004435961960491","0","0","0","0","0.781335","1.0418617","1.3058680999999994","2.160262"
"ecs-before-03","ecs","before","3","4","steady","Job Render Transforms","21872","4590.915811999963","0.2098992232991936","0","0","0","0","0.19850099999999998","0.29201955000000007","0.3451198","1.086744"
"ecs-before-03","ecs","before","3","4","steady","Upload Texture Publish","1","0.355378","0.355378","0","0","0","0","0.355378","0.355378","0.355378","0.355378"
"ecs-before-03","ecs","before","3","4","steady","Main Frame","1366","10905.242890000007","7.983340329428994","14","0","1.0248901903367496","0","7.145567","12.16208425","16.58291549999998","26.423131"
"ecs-before-03","ecs","before","3","4","steady","Render Submit","1367","7096.516419","5.191306817117776","0","0","0","0","4.752385","6.928647800000002","8.38967314","14.025389"
"ecs-before-03","ecs","before","3","4","steady","Job Wait","1367","1062.0137820000002","0.7768937688368692","0","0","0","0","0.760261","0.9987170000000001","1.250731499999999","2.069183"
"ecs-before-03","ecs","before","3","4","steady","Upload Graphics Acquire","1","0.00107","0.00107","0","0","0","0","0.00107","0.00107","0.00107","0.00107"
"ecs-before-03","ecs","before","3","4","steady","Asset Main Thread Tasks","1367","18.582082","0.013593329919531822","0","0","0","0","0.00064","0.0030010000000000015","0.010428139999999933","16.661626"
"ecs-before-03","ecs","before","3","4","steady","Present","1367","481.4003490000003","0.35215826554498925","0","0","0","0","0.285385","0.6432120000000005","1.3194156599999993","4.297594"
"ecs-after-03","ecs","after","3","24","steady","Render Gather","1488","1146.3760359999999","0.770414002688172","0","0","0","0","0.702886","1.2635404999999993","1.4940400699999998","2.453091"
"ecs-after-03","ecs","after","3","24","steady","Render Prepare Transforms","1488","542.8636770000002","0.36482773991935497","0","0","0","0","0.356843","0.44475024999999996","0.5205790699999995","0.814734"
"ecs-after-03","ecs","after","3","24","steady","Render Submit","1487","7589.195589000004","5.103695755884333","0","0","0","0","4.97466","6.3163453","6.89140724","7.773909"
"ecs-after-03","ecs","after","3","24","steady","Main Frame","1487","10992.864544000002","7.392645960995294","3","0","0.20174848688634836","0","7.286528","9.441136199999999","10.859474460000005","18.10838"
"ecs-after-03","ecs","after","3","24","steady","Job Render Transforms","23808","5371.556674000027","0.22561981997647962","0","0","0","0","0.218216","0.28484049999999983","0.31989833000000006","0.729705"
"ecs-after-03","ecs","after","3","24","steady","Job Wait","1488","411.78326400000014","0.27673606451612914","0","0","0","0","0.2719995","0.3357049","0.39398629","0.705866"
"ecs-after-03","ecs","after","3","24","steady","Asset Main Thread Tasks","1488","1.5203810000000004","0.001021761424731183","0","0","0","0","0.00078","0.0021629999999999974","0.004809499999999982","0.02159"
"ecs-after-03","ecs","after","3","24","steady","Present","1488","503.7779379999997","0.33856044220430087","0","0","0","0","0.3157335","0.5260621499999998","0.6758168499999987","1.685295"
"loading-before-01","loading","before","1","4","steady","Render Gather","19906","79.13503100000142","0.003975436099668513","0","0","0","0","0.00341","0.0072875","0.01292995","5.063959"
"loading-before-01","loading","before","1","4","steady","Upload Mesh Publish","4","2.656033","0.66400825","0","0","0","0","0.5004155","1.1197214999999998","1.2033771","1.224291"
"loading-before-01","loading","before","1","4","steady","Asset GPU Finalize","16","9.389254","0.586828375","0","0","0","0","0.4645055","1.314028","1.5220528","1.574059"
"loading-before-01","loading","before","1","4","steady","Asset Dispatch","16","0.17385799999999998","0.010866124999999999","0","0","0","0","0.006445","0.030512499999999998","0.0349825","0.0361"
"loading-before-01","loading","before","1","4","steady","Job Render Transforms","19906","229.1919960000019","0.011513714257008032","0","0","0","0","0.01137","0.0161275","0.02334855000000001","0.49363"
"loading-before-01","loading","before","1","4","steady","Upload Texture Publish","12","6.7107220000000005","0.5592268333333333","0","0","0","0","0.4435115","1.1262822999999993","1.4828556600000002","1.571999"
"loading-before-01","loading","before","1","4","steady","Render Prepare Transforms","19906","230.96865000000108","0.011602966442278763","0","0","0","0","0.01145","0.01626","0.02371","0.49441"
"loading-before-01","loading","before","1","4","steady","Present","19906","5702.055288000006","0.2864490750527482","0","0","0","0","0.22133","0.5432364999999999","1.7974960000000024","7.704302"
"loading-before-01","loading","before","1","4","steady","Load Texture Transfer Job","12","2541.79702","211.81641833333333","12","12","100","100","209.9663675","238.6704286","241.24573451999998","241.889561"
"loading-before-01","loading","before","1","4","steady","Decode Texture","12","1683.209182","140.26743183333335","12","12","100","100","139.5853055","155.03304885","155.53738257","155.663466"
"loading-before-01","loading","before","1","4","steady","Upload Transfer Submit","16","118.182294","7.386393375","2","0","12.5","0","5.033122","20.11732525","23.15920825","23.919679"
"loading-before-01","loading","before","1","4","steady","Render Submit","19906","724.3759400000009","0.03638982919722701","0","0","0","0","0.0322845","0.06431875000000001","0.122617","3.843907"
"loading-before-01","loading","before","1","4","steady","Main Frame","19906","10992.219329999967","0.5522063362805167","0","0","0","0","0.442631","1.167965","2.487321000000002","16.303596"
"loading-before-01","loading","before","1","4","steady","Upload Transfer Record","16","77.142187","4.8213866875","0","0","0","0","4.935124","8.42913425","10.653824449999998","11.209997"
"loading-before-01","loading","before","1","4","steady","Upload Graphics Acquire","16","0.00523","0.000326875","0","0","0","0","0.00030000000000000003","0.000745","0.0007570000000000001","0.00076"
"loading-before-01","loading","before","1","4","steady","Parse Mesh Data","4","2067.427107","516.85677675","4","4","100","100","515.0549725000001","525.06332585","526.17518117","526.453145"
"loading-before-01","loading","before","1","4","steady","Upload Build CPU Mips","12","742.3772640000001","61.86477200000001","12","12","100","100","61.447829999999996","68.08804515","70.80906103000001","71.489315"
"loading-before-01","loading","before","1","4","steady","Asset Main Thread Tasks","19907","26.418413999999856","0.0013270916762947635","0","0","0","0","0.00059","0.00211","0.00473","1.585898"
"loading-before-01","loading","before","1","4","steady","Load Mesh Transfer Job","4","2075.566136","518.891534","4","4","100","100","517.075168","526.8173281999999","527.9111776399999","528.18464"
"loading-before-01","loading","before","1","4","steady","Asset Decode Job","16","4617.399484","288.58746775","16","16","100","100","218.8993395","521.350326","526.8189132","528.18606"
"loading-before-01","loading","before","1","4","loading_event","Render Gather","10366","45.091748999999865","0.00434996613930155","0","0","0","0","0.00344","0.007915","0.014226650000000007","5.063959"
"loading-before-01","loading","before","1","4","loading_event","Upload Mesh Publish","4","2.656033","0.66400825","0","0","0","0","0.5004155","1.1197214999999998","1.2033771","1.224291"
"loading-before-01","loading","before","1","4","loading_event","Asset GPU Finalize","16","9.389254","0.586828375","0","0","0","0","0.4645055","1.314028","1.5220528","1.574059"
"loading-before-01","loading","before","1","4","loading_event","Asset Dispatch","16","0.17385799999999998","0.010866124999999999","0","0","0","0","0.006445","0.030512499999999998","0.0349825","0.0361"
"loading-before-01","loading","before","1","4","loading_event","Job Render Transforms","10366","123.24484300000032","0.011889334651746124","0","0","0","0","0.011599","0.017005","0.02493935","0.49363"
"loading-before-01","loading","before","1","4","loading_event","Upload Texture Publish","12","6.7107220000000005","0.5592268333333333","0","0","0","0","0.4435115","1.1262822999999993","1.4828556600000002","1.571999"
"loading-before-01","loading","before","1","4","loading_event","Render Prepare Transforms","10366","124.21332200000117","0.011982763071580279","0","0","0","0","0.011679","0.01717","0.02515065000000002","0.49441"
"loading-before-01","loading","before","1","4","loading_event","Present","10365","3124.4028600000042","0.301437806078148","0","0","0","0","0.226075","0.6257049999999993","2.06020044000001","7.704302"
"loading-before-01","loading","before","1","4","loading_event","Load Texture Transfer Job","12","2541.79702","211.81641833333333","12","12","100","100","209.9663675","238.6704286","241.24573451999998","241.889561"
"loading-before-01","loading","before","1","4","loading_event","Decode Texture","12","1683.209182","140.26743183333335","12","12","100","100","139.5853055","155.03304885","155.53738257","155.663466"
"loading-before-01","loading","before","1","4","loading_event","Upload Transfer Submit","16","118.182294","7.386393375","2","0","12.5","0","5.033122","20.11732525","23.15920825","23.919679"
"loading-before-01","loading","before","1","4","loading_event","Render Submit","10366","396.5310809999994","0.038253046594636256","0","0","0","0","0.032919","0.0706155","0.14529350000000016","3.843907"
"loading-before-01","loading","before","1","4","loading_event","Main Frame","10365","5994.358266000005","0.5783268949348774","0","0","0","0","0.451561","1.2817629999999984","2.693490400000001","16.303596"
"loading-before-01","loading","before","1","4","loading_event","Upload Transfer Record","16","77.142187","4.8213866875","0","0","0","0","4.935124","8.42913425","10.653824449999998","11.209997"
"loading-before-01","loading","before","1","4","loading_event","Upload Graphics Acquire","16","0.00523","0.000326875","0","0","0","0","0.00030000000000000003","0.000745","0.0007570000000000001","0.00076"
"loading-before-01","loading","before","1","4","loading_event","Parse Mesh Data","4","2067.427107","516.85677675","4","4","100","100","515.0549725000001","525.06332585","526.17518117","526.453145"
"loading-before-01","loading","before","1","4","loading_event","Upload Build CPU Mips","12","742.3772640000001","61.86477200000001","12","12","100","100","61.447829999999996","68.08804515","70.80906103000001","71.489315"
"loading-before-01","loading","before","1","4","loading_event","Asset Main Thread Tasks","10366","19.410345999999905","0.0018725010611614803","0","0","0","0","0.00062","0.00243","0.00598","1.585898"
"loading-before-01","loading","before","1","4","loading_event","Load Mesh Transfer Job","4","2075.566136","518.891534","4","4","100","100","517.075168","526.8173281999999","527.9111776399999","528.18464"
"loading-before-01","loading","before","1","4","loading_event","Asset Decode Job","16","4617.399484","288.58746775","16","16","100","100","218.8993395","521.350326","526.8189132","528.18606"
"loading-after-01","loading","after","1","24","steady","Render Gather","23054","82.99070600000124","0.0035998397675024393","0","0","0","0","0.003279","0.00438","0.009029470000000001","5.96006"
"loading-after-01","loading","after","1","24","steady","Upload Mesh Publish","4","2.053116","0.513279","0","0","0","0","0.385223","0.8400761499999998","0.9029968299999998","0.918727"
"loading-after-01","loading","after","1","24","steady","Asset GPU Finalize","16","8.451212","0.52820075","0","0","0","0","0.44326750000000004","0.8474984999999999","0.9066093","0.921387"
"loading-after-01","loading","after","1","24","steady","Asset Dispatch","16","1.1075760000000001","0.06922350000000001","0","0","0","0","0.056044","0.11653949999999999","0.13420949999999998","0.138627"
"loading-after-01","loading","after","1","24","steady","Job Render Transforms","23054","246.8699519999991","0.01070833486596682","0","0","0","0","0.0108","0.012849349999999999","0.016994700000000012","0.169826"
"loading-after-01","loading","after","1","24","steady","Upload Texture Publish","12","6.375586","0.5312988333333334","0","0","0","0","0.45884899999999995","0.81555475","0.82001415","0.821129"
"loading-after-01","loading","after","1","24","steady","Render Prepare Transforms","23054","248.7029029999995","0.01078784171944129","0","0","0","0","0.01087","0.012949","0.017164230000000013","0.169916"
"loading-after-01","loading","after","1","24","steady","Present","23055","5560.589090000008","0.24118798915636555","0","0","0","0","0.213256","0.3509502","0.8249978599999978","6.353884"
"loading-after-01","loading","after","1","24","steady","Load Texture Transfer Job","12","3175.2191470000007","264.6015955833334","12","12","100","100","271.09889450000003","289.08980015000003","289.92615523","290.135244"
"loading-after-01","loading","after","1","24","steady","Decode Texture","12","2135.226303","177.93552524999998","12","12","100","100","183.66787349999998","196.9389492","199.03512504","199.559169"
"loading-after-01","loading","after","1","24","steady","Upload Transfer Submit","16","148.69894799999997","9.293684249999998","3","0","18.75","0","7.588051999999999","18.88057225","20.73723205","21.201397"
"loading-after-01","loading","after","1","24","steady","Render Submit","23054","774.0616250000046","0.033576022599115324","0","0","0","0","0.0313395","0.04834249999999999","0.08446077000000012","1.945011"
"loading-after-01","loading","after","1","24","steady","Main Frame","23054","10992.636056000048","0.4768212048234601","1","0","0.004337642057777392","0","0.42441700000000004","0.8034258999999999","1.4323534800000026","16.758256"
"loading-after-01","loading","after","1","24","steady","Upload Transfer Record","16","72.57538600000001","4.5359616250000006","0","0","0","0","3.6714685","8.276274","14.394901199999996","15.924558"
"loading-after-01","loading","after","1","24","steady","Upload Graphics Acquire","16","0.00526","0.00032875","0","0","0","0","0.00026999999999999995","0.00069","0.0009779999999999997","0.00105"
"loading-after-01","loading","after","1","24","steady","Parse Mesh Data","4","2313.455459","578.36386475","4","4","100","100","577.2512475","590.0201006","591.4381593200001","591.792674"
"loading-after-01","loading","after","1","24","steady","Upload Build CPU Mips","12","895.578889","74.63157408333333","12","12","100","100","76.4753715","83.678494","85.79246520000001","86.320958"
"loading-after-01","loading","after","1","24","steady","Asset Main Thread Tasks","23055","24.49302999999957","0.0010623738885274158","0","0","0","0","0.00057","0.00116","0.00283","0.936417"
"loading-after-01","loading","after","1","24","steady","Load Mesh Transfer Job","4","2323.919762","580.9799405","4","4","100","100","579.7319315","592.0797209","593.46895058","593.816258"
"loading-after-01","loading","after","1","24","steady","Asset Decode Job","16","5499.174309","343.6983943125","16","16","100","100","278.83426299999996","585.1351275","592.0820798999999","593.818818"
"loading-after-01","loading","after","1","24","loading_event","Render Gather","11922","46.96063100000002","0.00393898934742493","0","0","0","0","0.00335","0.00521","0.0095","5.96006"
"loading-after-01","loading","after","1","24","loading_event","Upload Mesh Publish","4","2.053116","0.513279","0","0","0","0","0.385223","0.8400761499999998","0.9029968299999998","0.918727"
"loading-after-01","loading","after","1","24","loading_event","Asset GPU Finalize","16","8.451212","0.52820075","0","0","0","0","0.44326750000000004","0.8474984999999999","0.9066093","0.921387"
"loading-after-01","loading","after","1","24","loading_event","Asset Dispatch","16","1.1075760000000001","0.06922350000000001","0","0","0","0","0.056044","0.11653949999999999","0.13420949999999998","0.138627"
"loading-after-01","loading","after","1","24","loading_event","Job Render Transforms","11922","129.74611699999923","0.010882915366549173","0","0","0","0","0.011019","0.01326949999999999","0.01792138999999996","0.169826"
"loading-after-01","loading","after","1","24","loading_event","Upload Texture Publish","12","6.375586","0.5312988333333334","0","0","0","0","0.45884899999999995","0.81555475","0.82001415","0.821129"
"loading-after-01","loading","after","1","24","loading_event","Render Prepare Transforms","11922","130.72156299999978","0.01096473435665155","0","0","0","0","0.011099","0.01338949999999999","0.01802579999999998","0.169916"
"loading-after-01","loading","after","1","24","loading_event","Present","11921","3037.8928459999847","0.2548354035735244","0","0","0","0","0.219136","0.380002","1.3186267999999968","6.353884"
"loading-after-01","loading","after","1","24","loading_event","Load Texture Transfer Job","12","3175.2191470000007","264.6015955833334","12","12","100","100","271.09889450000003","289.08980015000003","289.92615523","290.135244"
"loading-after-01","loading","after","1","24","loading_event","Decode Texture","12","2135.226303","177.93552524999998","12","12","100","100","183.66787349999998","196.9389492","199.03512504","199.559169"
"loading-after-01","loading","after","1","24","loading_event","Upload Transfer Submit","16","148.69894799999997","9.293684249999998","3","0","18.75","0","7.588051999999999","18.88057225","20.73723205","21.201397"
"loading-after-01","loading","after","1","24","loading_event","Render Submit","11922","415.3562579999993","0.03483947810769999","0","0","0","0","0.0325845","0.05385399999999989","0.09231379999999997","1.945011"
"loading-after-01","loading","after","1","24","loading_event","Main Frame","11921","5995.632521999986","0.5029471119872483","1","0","0.008388558006878618","0","0.437011","0.898542","1.8420451999999965","16.758256"
"loading-after-01","loading","after","1","24","loading_event","Upload Transfer Record","16","72.57538600000001","4.5359616250000006","0","0","0","0","3.6714685","8.276274","14.394901199999996","15.924558"
"loading-after-01","loading","after","1","24","loading_event","Upload Graphics Acquire","16","0.00526","0.00032875","0","0","0","0","0.00026999999999999995","0.00069","0.0009779999999999997","0.00105"
"loading-after-01","loading","after","1","24","loading_event","Parse Mesh Data","4","2313.455459","578.36386475","4","4","100","100","577.2512475","590.0201006","591.4381593200001","591.792674"
"loading-after-01","loading","after","1","24","loading_event","Upload Build CPU Mips","12","895.578889","74.63157408333333","12","12","100","100","76.4753715","83.678494","85.79246520000001","86.320958"
"loading-after-01","loading","after","1","24","loading_event","Asset Main Thread Tasks","11922","17.55082199999979","0.001472137393054839","0","0","0","0","0.00058","0.00143","0.00341","0.936417"
"loading-after-01","loading","after","1","24","loading_event","Load Mesh Transfer Job","4","2323.919762","580.9799405","4","4","100","100","579.7319315","592.0797209","593.46895058","593.816258"
"loading-after-01","loading","after","1","24","loading_event","Asset Decode Job","16","5499.174309","343.6983943125","16","16","100","100","278.83426299999996","585.1351275","592.0820798999999","593.818818"
"loading-after-02","loading","after","2","24","steady","Render Gather","18916","76.92378800000299","0.004066599069570891","0","0","0","0","0.00284","0.00857925","0.013328499999999986","7.52568"
"loading-after-02","loading","after","2","24","steady","Upload Mesh Publish","4","11.248937000000002","2.8122342500000004","0","0","0","0","0.492276","8.403170899999997","9.517406179999998","9.795965"
"loading-after-02","loading","after","2","24","steady","Asset GPU Finalize","16","29.441431","1.8400894375","0","0","0","0","0.624725","10.07353325","10.734897049999999","10.900238"
"loading-after-02","loading","after","2","24","steady","Asset Dispatch","16","0.736846","0.046052875","0","0","0","0","0.039214","0.076076","0.13150879999999998","0.145367"
"loading-after-02","loading","after","2","24","steady","Job Render Transforms","18916","203.0603839999953","0.010734847959399203","0","0","0","0","0.00931","0.01561","0.022585499999999956","0.976415"
"loading-after-02","loading","after","2","24","steady","Upload Texture Publish","12","18.147883999999998","1.5123236666666664","0","0","0","0","0.631734","5.659539049999992","9.849962210000005","10.897568"
"loading-after-02","loading","after","2","24","steady","Render Prepare Transforms","18916","204.7653249999999","0.010824980175512788","0","0","0","0","0.009399","0.0157525","0.022947499999999985","0.976595"
"loading-after-02","loading","after","2","24","steady","Decode Texture","12","3151.069936","262.5891613333333","12","12","100","100","266.812583","288.7868973","290.99872186","291.551678"
"loading-after-02","loading","after","2","24","steady","Asset Decode Job","16","7745.520349999999","484.09502187499993","16","16","100","100","407.7293575","775.56676025","785.78338325","788.337539"
"loading-after-02","loading","after","2","24","steady","Upload Transfer Record","16","116.17951099999999","7.261219437499999","1","0","6.25","0","5.1852219999999996","18.60748875","24.064044149999997","25.428183"
"loading-after-02","loading","after","2","24","steady","Load Texture Transfer Job","12","4664.821441000001","388.7351200833334","12","12","100","100","392.57281850000004","420.19249345","421.70345389","422.081194"
"loading-after-02","loading","after","2","24","steady","Render Submit","18916","662.3970800000008","0.035017819835060304","0","0","0","0","0.028069","0.06763825000000001","0.11371914999999982","3.49299"
"loading-after-02","loading","after","2","24","steady","Present","18916","6286.833409999974","0.33235532935081274","0","0","0","0","0.253827","0.6976690000000001","1.6253624999999974","10.674918"
"loading-after-02","loading","after","2","24","steady","Main Frame","18915","10991.49751800006","0.5810995251387819","0","0","0","0","0.454771","1.1841237999999998","2.3595904000000023","15.095753"
"loading-after-02","loading","after","2","24","steady","Upload Graphics Acquire","16","0.01251","0.000781875","0","0","0","0","0.000475","0.001965","0.004016999999999999","0.00453"
"loading-after-02","loading","after","2","24","steady","Parse Mesh Data","4","3070.880157","767.72003925","4","4","100","100","768.0064275","783.5773272499999","785.62458785","786.136403"
"loading-after-02","loading","after","2","24","steady","Asset Main Thread Tasks","18916","46.10780600000007","0.00243750296045676","0","0","0","0","0.00059","0.00217225","0.005297649999999987","10.931087"
"loading-after-02","loading","after","2","24","steady","Load Mesh Transfer Job","4","3080.6529309999996","770.1632327499999","4","4","100","100","770.3312559999999","785.78177375","787.82496995","788.335769"
"loading-after-02","loading","after","2","24","steady","Upload Build CPU Mips","12","1086.7642279999998","90.56368566666664","12","12","100","100","89.724684","97.5487906","99.54271572","100.041197"
"loading-after-02","loading","after","2","24","steady","Upload Transfer Submit","16","430.003913","26.8752445625","12","0","75","0","27.5060115","47.11893925","49.30143745","49.847062"
"loading-after-02","loading","after","2","24","loading_event","Render Gather","9878","45.20047399999983","0.004575873051224927","0","0","0","0","0.00294","0.00898915","0.01402382999999999","7.52568"
"loading-after-02","loading","after","2","24","loading_event","Upload Mesh Publish","4","11.248937000000002","2.8122342500000004","0","0","0","0","0.492276","8.403170899999997","9.517406179999998","9.795965"
"loading-after-02","loading","after","2","24","loading_event","Asset GPU Finalize","16","29.441431","1.8400894375","0","0","0","0","0.624725","10.07353325","10.734897049999999","10.900238"
"loading-after-02","loading","after","2","24","loading_event","Asset Dispatch","16","0.736846","0.046052875","0","0","0","0","0.039214","0.076076","0.13150879999999998","0.145367"
"loading-after-02","loading","after","2","24","loading_event","Job Render Transforms","9878","109.84745699999988","0.011120414760072877","0","0","0","0","0.00938","0.016283649999999986","0.023645899999999987","0.976415"
"loading-after-02","loading","after","2","24","loading_event","Upload Texture Publish","12","18.147883999999998","1.5123236666666664","0","0","0","0","0.631734","5.659539049999992","9.849962210000005","10.897568"
"loading-after-02","loading","after","2","24","loading_event","Render Prepare Transforms","9878","110.78404399999991","0.01121523020854423","0","0","0","0","0.00948","0.016459150000000002","0.02419382999999999","0.976595"
"loading-after-02","loading","after","2","24","loading_event","Decode Texture","12","3151.069936","262.5891613333333","12","12","100","100","266.812583","288.7868973","290.99872186","291.551678"
"loading-after-02","loading","after","2","24","loading_event","Asset Decode Job","16","7745.520349999999","484.09502187499993","16","16","100","100","407.7293575","775.56676025","785.78338325","788.337539"
"loading-after-02","loading","after","2","24","loading_event","Upload Transfer Record","16","116.17951099999999","7.261219437499999","1","0","6.25","0","5.1852219999999996","18.60748875","24.064044149999997","25.428183"
"loading-after-02","loading","after","2","24","loading_event","Load Texture Transfer Job","12","4664.821441000001","388.7351200833334","12","12","100","100","392.57281850000004","420.19249345","421.70345389","422.081194"
"loading-after-02","loading","after","2","24","loading_event","Render Submit","9878","362.15401600000007","0.03666268637375988","0","0","0","0","0.0293595","0.07096684999999996","0.1286223999999999","3.49299"
"loading-after-02","loading","after","2","24","loading_event","Present","9878","3446.7484830000026","0.3489318164608223","0","0","0","0","0.252905","0.742958","1.9793389799999994","10.674918"
"loading-after-02","loading","after","2","24","loading_event","Main Frame","9877","5985.667553000001","0.6060208112787284","0","0","0","0","0.462802","1.251000999999999","2.97080236","15.095753"
"loading-after-02","loading","after","2","24","loading_event","Upload Graphics Acquire","16","0.01251","0.000781875","0","0","0","0","0.000475","0.001965","0.004016999999999999","0.00453"
"loading-after-02","loading","after","2","24","loading_event","Parse Mesh Data","4","3070.880157","767.72003925","4","4","100","100","768.0064275","783.5773272499999","785.62458785","786.136403"
"loading-after-02","loading","after","2","24","loading_event","Asset Main Thread Tasks","9878","38.93537199999996","0.003941625025308763","0","0","0","0","0.00061","0.0023","0.006298399999999965","10.931087"
"loading-after-02","loading","after","2","24","loading_event","Load Mesh Transfer Job","4","3080.6529309999996","770.1632327499999","4","4","100","100","770.3312559999999","785.78177375","787.82496995","788.335769"
"loading-after-02","loading","after","2","24","loading_event","Upload Build CPU Mips","12","1086.7642279999998","90.56368566666664","12","12","100","100","89.724684","97.5487906","99.54271572","100.041197"
"loading-after-02","loading","after","2","24","loading_event","Upload Transfer Submit","16","430.003913","26.8752445625","12","0","75","0","27.5060115","47.11893925","49.30143745","49.847062"
"loading-before-02","loading","before","2","4","steady","Render Gather","18677","76.02672200000092","0.004070606735557152","0","0","0","0","0.0034","0.007551800000000007","0.012764400000000096","6.146299"
"loading-before-02","loading","before","2","4","steady","Upload Mesh Publish","4","2.280005","0.57000125","0","0","0","0","0.555979","0.7446303000000001","0.7534740600000001","0.755685"
"loading-before-02","loading","before","2","4","steady","Asset GPU Finalize","16","9.034138","0.564633625","0","0","0","0","0.4832685","0.8982892499999999","1.06086825","1.101513"
"loading-before-02","loading","before","2","4","steady","Asset Dispatch","16","0.21853600000000004","0.013658500000000002","0","0","0","0","0.015109500000000001","0.030052250000000003","0.03473765","0.035909"
"loading-before-02","loading","before","2","4","steady","Asset Decode Job","16","4403.592638","275.224539875","16","16","100","100","198.3804375","522.685363","523.733839","523.995958"
"loading-before-02","loading","before","2","4","steady","Upload Texture Publish","12","6.726353","0.5605294166666667","0","0","0","0","0.4815785","0.9502922499999998","1.0687248500000002","1.098333"
"loading-before-02","loading","before","2","4","steady","Upload Transfer Record","16","71.943742","4.496483875","0","0","0","0","4.29726","7.58237275","9.60070255","10.105285"
"loading-before-02","loading","before","2","4","steady","Upload Build CPU Mips","12","759.784022","63.31533516666667","12","12","100","100","63.878191","67.7991863","68.14253326","68.22837"
"loading-before-02","loading","before","2","4","steady","Render Prepare Transforms","18677","209.17359500000154","0.01119952856454471","0","0","0","0","0.011169","0.014799","0.020512400000000017","0.137032"
"loading-before-02","loading","before","2","4","steady","Job Render Transforms","18677","207.51669500000108","0.011110815173743164","0","0","0","0","0.01109","0.01468","0.020144040000000033","0.135692"
"loading-before-02","loading","before","2","4","steady","Upload Transfer Submit","16","84.84859300000001","5.3030370625000005","0","0","0","0","4.6981865","9.409224250000001","9.96691285","10.106335"
"loading-before-02","loading","before","2","4","steady","Load Texture Transfer Job","12","2351.7595010000005","195.9799584166667","12","12","100","100","195.9391665","209.3878666","210.99727572","211.399628"
"loading-before-02","loading","before","2","4","steady","Present","18676","5450.18227900002","0.29182813659241913","0","0","0","0","0.2315855","0.5474647499999999","1.5906885","4.160643"
"loading-before-02","loading","before","2","4","steady","Main Frame","18676","10991.247912000026","0.5885225911330063","1","0","0.005354465624330691","0","0.46394599999999997","1.2594655000000001","2.4275785","18.338388"
"loading-before-02","loading","before","2","4","steady","Upload Graphics Acquire","16","0.0064800000000000005","0.00040500000000000003","0","0","0","0","0.00038","0.0007725","0.0009705","0.00102"
"loading-before-02","loading","before","2","4","steady","Decode Texture","12","1513.7391010000001","126.14492508333335","12","12","100","100","124.24733499999999","138.80839024999997","138.81676124999998","138.818854"
"loading-before-02","loading","before","2","4","steady","Parse Mesh Data","4","2039.719851","509.92996275","4","4","100","100","515.1732555","521.3175497","521.5487107399999","521.606501"
"loading-before-02","loading","before","2","4","steady","Render Submit","18677","701.6131000000042","0.03756562081704793","0","0","0","0","0.032639","0.0707802","0.13034420000000085","1.146938"
"loading-before-02","loading","before","2","4","steady","Asset Main Thread Tasks","18677","26.2009550000001","0.001402846013813787","0","0","0","0","0.00062","0.00245","0.00489456000000003","1.120263"
"loading-before-02","loading","before","2","4","steady","Load Mesh Transfer Job","4","2051.8005679999997","512.9501419999999","4","4","100","100","517.8665974999999","523.731728","523.941464","523.993898"
"loading-before-02","loading","before","2","4","loading_event","Render Gather","9543","43.19439600000033","0.00452629110342663","0","0","0","0","0.00346","0.008468099999999998","0.013642199999999993","6.146299"
"loading-before-02","loading","before","2","4","loading_event","Upload Mesh Publish","4","2.280005","0.57000125","0","0","0","0","0.555979","0.7446303000000001","0.7534740600000001","0.755685"
"loading-before-02","loading","before","2","4","loading_event","Asset GPU Finalize","16","9.034138","0.564633625","0","0","0","0","0.4832685","0.8982892499999999","1.06086825","1.101513"
"loading-before-02","loading","before","2","4","loading_event","Asset Dispatch","16","0.21853600000000004","0.013658500000000002","0","0","0","0","0.015109500000000001","0.030052250000000003","0.03473765","0.035909"
"loading-before-02","loading","before","2","4","loading_event","Asset Decode Job","16","4403.592638","275.224539875","16","16","100","100","198.3804375","522.685363","523.733839","523.995958"
"loading-before-02","loading","before","2","4","loading_event","Upload Texture Publish","12","6.726353","0.5605294166666667","0","0","0","0","0.4815785","0.9502922499999998","1.0687248500000002","1.098333"
"loading-before-02","loading","before","2","4","loading_event","Upload Transfer Record","16","71.943742","4.496483875","0","0","0","0","4.29726","7.58237275","9.60070255","10.105285"
"loading-before-02","loading","before","2","4","loading_event","Upload Build CPU Mips","12","759.784022","63.31533516666667","12","12","100","100","63.878191","67.7991863","68.14253326","68.22837"
"loading-before-02","loading","before","2","4","loading_event","Render Prepare Transforms","9543","109.11640600000013","0.011434182751755227","0","0","0","0","0.0114","0.01531","0.02134161999999999","0.137032"
"loading-before-02","loading","before","2","4","loading_event","Job Render Transforms","9543","108.2487270000004","0.011343259666771497","0","0","0","0","0.01132","0.01519","0.0210658","0.135692"
"loading-before-02","loading","before","2","4","loading_event","Upload Transfer Submit","16","84.84859300000001","5.3030370625000005","0","0","0","0","4.6981865","9.409224250000001","9.96691285","10.106335"
"loading-before-02","loading","before","2","4","loading_event","Load Texture Transfer Job","12","2351.7595010000005","195.9799584166667","12","12","100","100","195.9391665","209.3878666","210.99727572","211.399628"
"loading-before-02","loading","before","2","4","loading_event","Present","9542","2935.8570419999896","0.30767732571787776","0","0","0","0","0.240435","0.6200971999999987","1.7694803600000018","4.160643"
"loading-before-02","loading","before","2","4","loading_event","Main Frame","9541","5992.8174120000085","0.6281120859448704","1","0","0.010481081647626036","0","0.490061","1.393498","2.665366400000006","18.338388"
"loading-before-02","loading","before","2","4","loading_event","Upload Graphics Acquire","16","0.0064800000000000005","0.00040500000000000003","0","0","0","0","0.00038","0.0007725","0.0009705","0.00102"
"loading-before-02","loading","before","2","4","loading_event","Decode Texture","12","1513.7391010000001","126.14492508333335","12","12","100","100","124.24733499999999","138.80839024999997","138.81676124999998","138.818854"
"loading-before-02","loading","before","2","4","loading_event","Parse Mesh Data","4","2039.719851","509.92996275","4","4","100","100","515.1732555","521.3175497","521.5487107399999","521.606501"
"loading-before-02","loading","before","2","4","loading_event","Render Submit","9543","379.0853060000001","0.03972391344440953","0","0","0","0","0.033719","0.077157","0.14585059999999983","1.146938"
"loading-before-02","loading","before","2","4","loading_event","Asset Main Thread Tasks","9543","18.93743299999997","0.0019844318348527686","0","0","0","0","0.00068","0.0029189999999999963","0.005715799999999999","1.120263"
"loading-before-02","loading","before","2","4","loading_event","Load Mesh Transfer Job","4","2051.8005679999997","512.9501419999999","4","4","100","100","517.8665974999999","523.731728","523.941464","523.993898"
"loading-before-03","loading","before","3","4","steady","Render Gather","22805","81.30154900000133","0.0035650755974567564","0","0","0","0","0.00287","0.004649799999999999","0.009888359999999964","3.931422"
"loading-before-03","loading","before","3","4","steady","Upload Mesh Publish","4","1.723029","0.43075725","0","0","0","0","0.41788650000000005","0.5033614","0.51017548","0.511879"
"loading-before-03","loading","before","3","4","steady","Asset GPU Finalize","16","8.255864","0.5159915","0","0","0","0","0.4630025","0.7957212499999999","0.8325306499999999","0.841733"
"loading-before-03","loading","before","3","4","steady","Asset Dispatch","16","0.123229","0.0077018125","0","0","0","0","0.003785","0.022745","0.024749","0.02525"
"loading-before-03","loading","before","3","4","steady","Job Render Transforms","22805","242.52932599999806","0.010634918921289106","0","0","0","0","0.0095","0.013047199999999993","0.01709","0.110648"
"loading-before-03","loading","before","3","4","steady","Upload Texture Publish","12","6.507485","0.5422904166666667","0","0","0","0","0.5097145","0.8056795499999999","0.8328183100000001","0.839603"
"loading-before-03","loading","before","3","4","steady","Render Prepare Transforms","22805","244.28937199999893","0.0107120969962727","0","0","0","0","0.00957","0.01313","0.01723996","0.110748"
"loading-before-03","loading","before","3","4","steady","Present","22805","5664.69553499999","0.24839708550756368","0","0","0","0","0.210765","0.3710614","1.2429361999999982","5.543378"
"loading-before-03","loading","before","3","4","steady","Load Texture Transfer Job","12","2310.704997","192.55874974999998","12","12","100","100","191.9791015","208.99854075000002","211.85536175000001","212.569567"
"loading-before-03","loading","before","3","4","steady","Decode Texture","12","1455.824807","121.31873391666666","12","12","100","100","120.895027","128.16921845000002","129.55821089","129.905459"
"loading-before-03","loading","before","3","4","steady","Upload Transfer Submit","16","101.283278","6.330204875","0","0","0","0","4.434051","15.746153750000001","15.89315075","15.9299"
"loading-before-03","loading","before","3","4","steady","Render Submit","22805","736.283776999996","0.0322860678360007","0","0","0","0","0.029169","0.047597799999999996","0.08073764","2.24798"
"loading-before-03","loading","before","3","4","steady","Main Frame","22804","10992.623078999983","0.4820480213559017","0","0","0","0","0.417562","0.8503783999999993","1.614354950000004","14.800203"
"loading-before-03","loading","before","3","4","steady","Upload Transfer Record","16","70.10174799999999","4.381359249999999","0","0","0","0","3.948226","7.733178","10.787377199999998","11.550927"
"loading-before-03","loading","before","3","4","steady","Upload Graphics Acquire","16","0.00557","0.000348125","0","0","0","0","0.00036","0.0006925","0.0010105","0.00109"
"loading-before-03","loading","before","3","4","steady","Parse Mesh Data","4","1858.463439","464.61585975","4","4","100","100","465.323584","476.87691485","477.65253497","477.84644"
"loading-before-03","loading","before","3","4","steady","Upload Build CPU Mips","12","756.9217799999999","63.07681499999999","12","12","100","100","62.3055945","70.1823197","72.11733674","72.601091"
"loading-before-03","loading","before","3","4","steady","Asset Main Thread Tasks","22805","24.714463999998973","0.0010837300591974993","0","0","0","0","0.00057","0.0013","0.002899599999999991","0.856073"
"loading-before-03","loading","before","3","4","steady","Load Mesh Transfer Job","4","1867.254637","466.81365925","4","4","100","100","467.37212750000003","478.5916347","479.30503734","479.483388"
"loading-before-03","loading","before","3","4","steady","Asset Decode Job","16","4177.9970809999995","261.12481756249997","16","16","100","100","196.479335","475.027669","478.5937402","479.485258"
"loading-before-03","loading","before","3","4","loading_event","Render Gather","11870","45.46124200000029","0.00382992771693347","0","0","0","0","0.00314","0.006045049999999992","0.01085","3.931422"
"loading-before-03","loading","before","3","4","loading_event","Upload Mesh Publish","4","1.723029","0.43075725","0","0","0","0","0.41788650000000005","0.5033614","0.51017548","0.511879"
"loading-before-03","loading","before","3","4","loading_event","Asset GPU Finalize","16","8.255864","0.5159915","0","0","0","0","0.4630025","0.7957212499999999","0.8325306499999999","0.841733"
"loading-before-03","loading","before","3","4","loading_event","Asset Dispatch","16","0.123229","0.0077018125","0","0","0","0","0.003785","0.022745","0.024749","0.02525"
"loading-before-03","loading","before","3","4","loading_event","Job Render Transforms","11870","128.0446909999999","0.010787252822240934","0","0","0","0","0.01008","0.0137","0.017699299999999984","0.098718"
"loading-before-03","loading","before","3","4","loading_event","Upload Texture Publish","12","6.507485","0.5422904166666667","0","0","0","0","0.5097145","0.8056795499999999","0.8328183100000001","0.839603"
"loading-before-03","loading","before","3","4","loading_event","Render Prepare Transforms","11870","128.98279000000008","0.010866283909014328","0","0","0","0","0.01015","0.013794949999999993","0.01799","0.098798"
"loading-before-03","loading","before","3","4","loading_event","Present","11870","3098.7727660000082","0.2610592052232526","0","0","0","0","0.21481","0.4197900499999999","1.4707635399999937","5.543378"
"loading-before-03","loading","before","3","4","loading_event","Load Texture Transfer Job","12","2310.704997","192.55874974999998","12","12","100","100","191.9791015","208.99854075000002","211.85536175000001","212.569567"
"loading-before-03","loading","before","3","4","loading_event","Decode Texture","12","1455.824807","121.31873391666666","12","12","100","100","120.895027","128.16921845000002","129.55821089","129.905459"
"loading-before-03","loading","before","3","4","loading_event","Upload Transfer Submit","16","101.283278","6.330204875","0","0","0","0","4.434051","15.746153750000001","15.89315075","15.9299"
"loading-before-03","loading","before","3","4","loading_event","Render Submit","11870","391.8815400000017","0.03301445155855111","0","0","0","0","0.029839","0.05285549999999998","0.08686890999999987","2.24798"
"loading-before-03","loading","before","3","4","loading_event","Main Frame","11869","5995.612637999986","0.5051489289746386","0","0","0","0","0.426961","0.9615418000000001","1.857550879999998","14.800203"
"loading-before-03","loading","before","3","4","loading_event","Upload Transfer Record","16","70.10174799999999","4.381359249999999","0","0","0","0","3.948226","7.733178","10.787377199999998","11.550927"
"loading-before-03","loading","before","3","4","loading_event","Upload Graphics Acquire","16","0.00557","0.000348125","0","0","0","0","0.00036","0.0006925","0.0010105","0.00109"
"loading-before-03","loading","before","3","4","loading_event","Parse Mesh Data","4","1858.463439","464.61585975","4","4","100","100","465.323584","476.87691485","477.65253497","477.84644"
"loading-before-03","loading","before","3","4","loading_event","Upload Build CPU Mips","12","756.9217799999999","63.07681499999999","12","12","100","100","62.3055945","70.1823197","72.11733674","72.601091"
"loading-before-03","loading","before","3","4","loading_event","Asset Main Thread Tasks","11870","17.90628400000005","0.0015085327716933487","0","0","0","0","0.0006","0.0016949499999999935","0.00397","0.856073"
"loading-before-03","loading","before","3","4","loading_event","Load Mesh Transfer Job","4","1867.254637","466.81365925","4","4","100","100","467.37212750000003","478.5916347","479.30503734","479.483388"
"loading-before-03","loading","before","3","4","loading_event","Asset Decode Job","16","4177.9970809999995","261.12481756249997","16","16","100","100","196.479335","475.027669","478.5937402","479.485258"
"loading-after-03","loading","after","3","24","steady","Render Gather","20113","83.32376100000293","0.004142781335454827","0","0","0","0","0.00324","0.007363999999999978","0.01354880000000001","9.304881"
"loading-after-03","loading","after","3","24","steady","Upload Mesh Publish","4","11.087184","2.771796","0","0","0","0","0.4492355","8.543848149999997","9.676504029999998","9.959668"
"loading-after-03","loading","after","3","24","steady","Asset GPU Finalize","16","21.603962000000003","1.3502476250000002","0","0","0","0","0.5904974999999999","4.1123562499999995","8.794461649999997","9.964988"
"loading-after-03","loading","after","3","24","steady","Asset Dispatch","16","1.6743419999999998","0.10464637499999999","0","0","0","0","0.108378","0.1510435","0.15559510000000001","0.156733"
"loading-after-03","loading","after","3","24","steady","Asset Decode Job","16","7393.181508","462.07384425","16","16","100","100","362.232345","829.3718180000001","837.4910083999999","839.520806"
"loading-after-03","loading","after","3","24","steady","Upload Texture Publish","12","10.456009000000002","0.8713340833333335","0","0","0","0","0.6280045000000001","1.8589404499999997","2.0898352900000003","2.147559"
"loading-after-03","loading","after","3","24","steady","Upload Transfer Record","16","140.468206","8.779262875","2","0","12.5","0","7.1128599999999995","18.31039975","21.04394875","21.727336"
"loading-after-03","loading","after","3","24","steady","Upload Build CPU Mips","12","1022.578135","85.21484458333333","12","12","100","100","85.399205","91.89838525","92.10568025","92.157504"
"loading-after-03","loading","after","3","24","steady","Render Prepare Transforms","20113","223.58587600000251","0.01111648565604348","0","0","0","0","0.010529","0.015239399999999998","0.02318280000000006","0.517374"
"loading-after-03","loading","after","3","24","steady","Job Render Transforms","20113","221.69248800000014","0.011022348133048284","0","0","0","0","0.010439","0.015113999999999978","0.02281420000000004","0.516044"
"loading-after-03","loading","after","3","24","steady","Upload Transfer Submit","16","351.596033","21.9747520625","9","1","56.25","6.25","17.705365999999998","48.80112375","54.68049195","56.150334"
"loading-after-03","loading","after","3","24","steady","Load Texture Transfer Job","12","4096.016387","341.33469891666664","12","12","100","100","342.9429165","385.12667945","391.44865269","393.029146"
"loading-after-03","loading","after","3","24","steady","Present","20113","6229.486147999991","0.30972436473922293","0","0","0","0","0.237855","0.6218369999999999","1.5034716800000096","9.670064"
"loading-after-03","loading","after","3","24","steady","Main Frame","20112","10991.649939999941","0.5465219739459","1","0","0.004972155926809865","0","0.44561649999999997","1.0197723","2.281807839999996","25.094247"
"loading-after-03","loading","after","3","24","steady","Upload Graphics Acquire","16","0.015419","0.0009636875","0","0","0","0","0.00062","0.00259","0.004029999999999999","0.00439"
"loading-after-03","loading","after","3","24","steady","Decode Texture","12","2728.910663","227.40922191666667","12","12","100","100","233.5837445","245.6246492","247.00824504","247.354144"
"loading-after-03","loading","after","3","24","steady","Parse Mesh Data","4","3282.310989","820.57774725","4","4","100","100","822.713611","834.4771491","835.9664410199999","836.338764"
"loading-after-03","loading","after","3","24","steady","Render Submit","20113","708.8557020000031","0.035243658429871386","0","0","0","0","0.03082","0.061661999999999974","0.11704620000000009","2.761511"
"loading-after-03","loading","after","3","24","steady","Asset Main Thread Tasks","20113","38.41117099999891","0.0019097683587728786","0","0","0","0","0.00058","0.00195","0.0052040000000000515","10.004777"
"loading-after-03","loading","after","3","24","steady","Load Mesh Transfer Job","4","3297.1126019999997","824.2781504999999","4","4","100","100","825.3475495","837.4883264","839.11186208","839.517746"
"loading-after-03","loading","after","3","24","loading_event","Render Gather","9992","48.28952399999992","0.004832818654923931","0","0","0","0","0.00336","0.008864499999999989","0.015729990000000003","9.304881"
"loading-after-03","loading","after","3","24","loading_event","Upload Mesh Publish","4","11.087184","2.771796","0","0","0","0","0.4492355","8.543848149999997","9.676504029999998","9.959668"
"loading-after-03","loading","after","3","24","loading_event","Asset GPU Finalize","16","21.603962000000003","1.3502476250000002","0","0","0","0","0.5904974999999999","4.1123562499999995","8.794461649999997","9.964988"
"loading-after-03","loading","after","3","24","loading_event","Asset Dispatch","16","1.6743419999999998","0.10464637499999999","0","0","0","0","0.108378","0.1510435","0.15559510000000001","0.156733"
"loading-after-03","loading","after","3","24","loading_event","Asset Decode Job","16","7393.181508","462.07384425","16","16","100","100","362.232345","829.3718180000001","837.4910083999999","839.520806"
"loading-after-03","loading","after","3","24","loading_event","Upload Texture Publish","12","10.456009000000002","0.8713340833333335","0","0","0","0","0.6280045000000001","1.8589404499999997","2.0898352900000003","2.147559"
"loading-after-03","loading","after","3","24","loading_event","Upload Transfer Record","16","140.468206","8.779262875","2","0","12.5","0","7.1128599999999995","18.31039975","21.04394875","21.727336"
"loading-after-03","loading","after","3","24","loading_event","Upload Build CPU Mips","12","1022.578135","85.21484458333333","12","12","100","100","85.399205","91.89838525","92.10568025","92.157504"
"loading-after-03","loading","after","3","24","loading_event","Render Prepare Transforms","9992","113.8603570000004","0.011395151821457207","0","0","0","0","0.01107","0.01726","0.0252699","0.096388"
"loading-after-03","loading","after","3","24","loading_event","Job Render Transforms","9992","112.83180499999983","0.011292214271417116","0","0","0","0","0.01099","0.01715404999999999","0.02486999","0.096118"
"loading-after-03","loading","after","3","24","loading_event","Upload Transfer Submit","16","351.596033","21.9747520625","9","1","56.25","6.25","17.705365999999998","48.80112375","54.68049195","56.150334"
"loading-after-03","loading","after","3","24","loading_event","Load Texture Transfer Job","12","4096.016387","341.33469891666664","12","12","100","100","342.9429165","385.12667945","391.44865269","393.029146"
"loading-after-03","loading","after","3","24","loading_event","Present","9991","3421.1075790000104","0.34241893494144837","0","0","0","0","0.246815","0.7965180000000001","1.899544400000005","9.670064"
"loading-after-03","loading","after","3","24","loading_event","Main Frame","9991","5995.0455320000165","0.6000445933340023","1","0","0.010009008107296567","0","0.461601","1.2969694999999999","2.913671900000001","25.094247"
"loading-after-03","loading","after","3","24","loading_event","Upload Graphics Acquire","16","0.015419","0.0009636875","0","0","0","0","0.00062","0.00259","0.004029999999999999","0.00439"
"loading-after-03","loading","after","3","24","loading_event","Decode Texture","12","2728.910663","227.40922191666667","12","12","100","100","233.5837445","245.6246492","247.00824504","247.354144"
"loading-after-03","loading","after","3","24","loading_event","Parse Mesh Data","4","3282.310989","820.57774725","4","4","100","100","822.713611","834.4771491","835.9664410199999","836.338764"
"loading-after-03","loading","after","3","24","loading_event","Render Submit","9992","380.51992600000005","0.03808245856685349","0","0","0","0","0.0320695","0.0716825","0.14907950000000003","2.761511"
"loading-after-03","loading","after","3","24","loading_event","Asset Main Thread Tasks","9992","31.44624400000008","0.0031471421136909606","0","0","0","0","0.0006","0.00239","0.007379900000000016","10.004777"
"loading-after-03","loading","after","3","24","loading_event","Load Mesh Transfer Job","4","3297.1126019999997","824.2781504999999","4","4","100","100","825.3475495","837.4883264","839.11186208","839.517746"
