"scene","mode","window","zone","runs","count","total_ms","mean_ms","median_ms","p95_ms","p99_ms","max_ms","count_over_16_67ms","count_over_50ms","percent_over_16_67ms","percent_over_50ms","run_median_min_ms","run_median_max_ms"
"loading","before","steady","Render Gather","3","21690","66.51392700000426","0.0030673852635904495","0.00274","0.0035195000000000074","0.008143300000000016","3.714166","0","0","0","0","0.00273","0.00274"
"loading","before","steady","Upload Texture GPU","3","12","61.108422999999995","5.092368583333333","4.488713","8.532472849999996","10.910405770000004","11.504889","0","0","0","0","4.4735515","5.085593"
"loading","before","steady","Asset Dispatch","3","16","0.089627","0.0056016875","0.0029795","0.015325000000000002","0.018841","0.01972","0","0","0","0","0.00238","0.003045"
"loading","before","steady","Job Render Transforms","3","21690","202.14415500000888","0.009326459716370845","0.00908","0.01053","0.013230990000000005","0.187506","0","0","0","0","0.009079","0.00921"
"loading","before","steady","Parse Mesh Data","3","4","1466.586913","366.64672825","363.05609300000003","384.6328987","387.33795094","388.014214","4","4","100","100","355.807453","472.199659"
"loading","before","steady","Render Prepare Transforms","3","21690","203.71537499998732","0.009399807111293849","0.00915","0.010619","0.01336","0.187586","0","0","0","0","0.009149","0.00928"
"loading","before","steady","Present","3","21691","6936.257480000018","0.3197758277626674","0.246155","0.394002","2.7775693999999986","4.972421","0","0","0","0","0.213556","0.247135"
"loading","before","steady","Load Texture CPU","3","12","1319.327432","109.94395266666668","109.5493955","115.19925285","116.21953936999999","116.474611","12","12","100","100","109.157163","123.9251495"
"loading","before","steady","Decode Texture","3","12","1319.181584","109.93179866666667","109.5419705","115.1707674","116.20624228","116.465111","12","12","100","100","109.149488","123.9171795"
"loading","before","steady","Render Submit","3","21690","596.2887810000038","0.027541730962902092","0.026449","0.03351800000000001","0.053922899999999996","0.259625","0","0","0","0","0.026399","0.02747"
"loading","before","steady","Asset GPU Finalize","3","16","83.653402","5.228337625","4.4880175","12.095677250000001","13.509993049999999","13.863572","0","0","0","0","4.008210500000001","4.6140075"
"loading","before","steady","Main Frame","3","21690","10992.415558000059","0.5068787129552805","0.407412","0.7112266499999995","2.9816166000000006","15.968549","0","0","0","0","0.39592700000000003","0.408672"
"loading","before","steady","Load Mesh CPU","3","4","1466.610373","366.65259325","363.061368","384.6363602","387.34126724","388.017494","4","4","100","100","355.811278","472.204699"
"loading","before","steady","Upload Mesh GPU","3","4","24.768335","6.19208375","4.0498045000000005","12.469002399999997","13.583090079999996","13.861612","0","0","0","0","3.7350135","4.1543185000000005"
"loading","before","steady","Asset Main Thread Tasks","3","21690","97.31673900000129","0.004156075749193172","0.00051","0.0008299500000000007","0.00166","13.876742","0","0","0","0","0.0005","0.00052"
"loading","before","steady","Asset Decode Job","3","16","2786.0222029999995","174.12638768749997","111.1174985","371.1155","384.63906319999995","388.019954","16","16","100","100","110.799276","125.0051965"
"loading","before","loading_event","Render Gather","3","11748","37.965508999999685","0.003231657218249888","0.002739","0.00359","0.008510070000000014","3.714166","0","0","0","0","0.00273","0.00274"
"loading","before","loading_event","Upload Texture GPU","3","12","61.108422999999995","5.092368583333333","4.488713","8.532472849999996","10.910405770000004","11.504889","0","0","0","0","4.4735515","5.085593"
"loading","before","loading_event","Asset Dispatch","3","16","0.089627","0.0056016875","0.0029795","0.015325000000000002","0.018841","0.01972","0","0","0","0","0.00238","0.003045"
"loading","before","loading_event","Job Render Transforms","3","11748","109.7920279999974","0.009345593122233351","0.00909","0.01067","0.013437100000000046","0.142137","0","0","0","0","0.00908","0.00921"
"loading","before","loading_event","Parse Mesh Data","3","4","1466.586913","366.64672825","363.05609300000003","384.6328987","387.33795094","388.014214","4","4","100","100","355.807453","472.199659"
"loading","before","loading_event","Render Prepare Transforms","3","11748","110.64573300000276","0.00941826123595529","0.00916","0.01078","0.01361590000000002","0.142737","0","0","0","0","0.00915","0.009289"
"loading","before","loading_event","Present","3","11747","3745.0629089999975","0.31881015655060846","0.245605","0.38654249999999996","2.7480059999999966","4.972421","0","0","0","0","0.208716","0.246875"
"loading","before","loading_event","Load Texture CPU","3","12","1319.327432","109.94395266666668","109.5493955","115.19925285","116.21953936999999","116.474611","12","12","100","100","109.157163","123.9251495"
"loading","before","loading_event","Decode Texture","3","12","1319.181584","109.93179866666667","109.5419705","115.1707674","116.20624228","116.465111","12","12","100","100","109.149488","123.9171795"
"loading","before","loading_event","Render Submit","3","11748","324.6845409999989","0.02767946676794551","0.02651","0.03381799999999998","0.05368729000000002","0.259625","0","0","0","0","0.02644","0.027559"
"loading","before","loading_event","Asset GPU Finalize","3","16","83.653402","5.228337625","4.4880175","12.095677250000001","13.509993049999999","13.863572","0","0","0","0","4.008210500000001","4.6140075"
"loading","before","loading_event","Main Frame","3","11747","5995.303362","0.5104732411679564","0.406612","0.6993872999999999","2.9741006199999966","15.968549","0","0","0","0","0.385882","0.409071"
"loading","before","loading_event","Load Mesh CPU","3","4","1466.610373","366.65259325","363.061368","384.6363602","387.34126724","388.017494","4","4","100","100","355.811278","472.204699"
"loading","before","loading_event","Upload Mesh GPU","3","4","24.768335","6.19208375","4.0498045000000005","12.469002399999997","13.583090079999996","13.861612","0","0","0","0","3.7350135","4.1543185000000005"
"loading","before","loading_event","Asset Main Thread Tasks","3","11748","92.43409099999941","0.007214287878787907","0.00051","0.00087","0.0019069000000000052","13.876742","0","0","0","0","0.0005","0.00052"
"loading","before","loading_event","Asset Decode Job","3","16","2786.0222029999995","174.12638768749997","111.1174985","371.1155","384.63906319999995","388.019954","16","16","100","100","110.799276","125.0051965"
"loading","after","steady","Render Gather","3","25862","83.03081900000518","0.0032545939002400956","0.00278","0.00373","0.007695400000000009","4.013868","0","0","0","0","0.00271","0.002809"
"loading","after","steady","Upload Mesh Publish","3","4","1.9445270000000001","0.48613175000000003","0.4721035","0.7384573999999999","0.78110348","0.791765","0","0","0","0","0.420399","0.560034"
"loading","after","steady","Asset GPU Finalize","3","16","8.789992999999999","0.5493745624999999","0.485775","0.8227279999999999","0.8911351999999999","0.908237","0","0","0","0","0.4491165","0.5406465"
"loading","after","steady","Asset Dispatch","3","16","0.103568","0.006473","0.0032500000000000003","0.02134225","0.02243765","0.022649","0","0","0","0","0.0027695","0.003335"
"loading","after","steady","Asset Decode Job","3","16","3996.5817339999994","249.78635837499996","185.3051135","484.4858905","486.9391501","487.552465","16","16","100","100","183.8605105","186.21339949999998"
"loading","after","steady","Upload Texture Publish","3","12","6.211666","0.5176388333333334","0.48896249999999997","0.8164923999999999","0.88881608","0.906897","0","0","0","0","0.431987","0.545862"
"loading","after","steady","Upload Build CPU Mips","3","12","717.3140450000001","59.77617041666667","59.999883","70.0083504","70.10604448","70.130468","12","11","100","91.66666666666667","57.08516","62.7705225"
"loading","after","steady","Load Texture Transfer Job","3","12","2153.251217","179.43760141666667","182.62196799999998","195.1848931","199.00162822000001","199.955812","12","12","100","100","179.58590850000002","184.58254549999998"
"loading","after","steady","Render Prepare Transforms","3","25862","255.69137100000378","0.01017746367938687","0.00929","0.01238","0.016066930000000004","0.162467","0","0","0","0","0.00923","0.0093"
"loading","after","steady","Job Render Transforms","3","25862","253.66492999999068","0.01009824395282461","0.00922","0.01228","0.015952330000000015","0.162397","0","0","0","0","0.00916","0.00922"
"loading","after","steady","Decode Texture","3","12","1387.1597310000002","115.59664425000001","116.72730250000001","123.5998068","125.19428936","125.59291","12","12","100","100","116.007837","117.0514945"
"loading","after","steady","Present","3","25861","5994.816004000028","0.23497619372800627","0.203756","0.308164","0.5940979000000011","3.393097","0","0","0","0","0.202606","0.216616"
"loading","after","steady","Main Frame","3","25861","10992.533359000006","0.42507063678898915","0.381792","0.558149","0.9248802","15.800752","0","0","0","0","0.378283","0.400052"
"loading","after","steady","Upload Graphics Acquire","3","16","0.006","0.000375","0.00028","0.00084","0.000912","0.00093","0","0","0","0","0.000205","0.00034"
"loading","after","steady","Parse Mesh Data","3","4","1841.075269","460.26881725","471.72724949999997","485.10998754999997","485.60099911","485.723752","4","4","100","100","451.947627","487.565354"
"loading","after","steady","Render Submit","3","25862","760.329851999993","0.03018227509014421","0.02758","0.03844","0.06164593","1.290004","0","0","0","0","0.027349","0.027609"
"loading","after","steady","Asset Main Thread Tasks","3","25862","24.82058700000276","0.0009750489482200613","0.00055","0.00099","0.00189","0.918857","0","0","0","0","0.00053","0.00056"
"loading","after","steady","Load Mesh Transfer Job","3","4","1849.303938","462.3259845","473.6643595","486.9366181","487.42713562","487.549765","4","4","100","100","454.205096","491.205945"
"loading","after","steady","Upload Transfer Submit","3","16","67.27387300000001","4.204617062500001","3.757131","8.75754175","9.778181949999999","10.033342","0","0","0","0","3.595687","4.4275095"
"loading","after","steady","Upload Transfer Record","3","16","59.239235","3.7024521875","3.6759795","5.79063025","8.487899149999999","8.940509","0","0","0","0","3.5951075","3.913243"
"loading","after","loading_event","Render Gather","3","14187","46.88390800000116","0.003382944717020428","0.00279","0.0038","0.00791265999999999","4.013868","0","0","0","0","0.00271","0.002799"
"loading","after","loading_event","Upload Mesh Publish","3","4","1.9445270000000001","0.48613175000000003","0.4721035","0.7384573999999999","0.78110348","0.791765","0","0","0","0","0.420399","0.560034"
"loading","after","loading_event","Asset GPU Finalize","3","16","8.789992999999999","0.5493745624999999","0.485775","0.8227279999999999","0.8911351999999999","0.908237","0","0","0","0","0.4491165","0.5406465"
"loading","after","loading_event","Asset Dispatch","3","16","0.103568","0.006473","0.0032500000000000003","0.02134225","0.02243765","0.022649","0","0","0","0","0.0027695","0.003335"
"loading","after","loading_event","Asset Decode Job","3","16","3996.5817339999994","249.78635837499996","185.3051135","484.4858905","486.9391501","487.552465","16","16","100","100","183.8605105","186.21339949999998"
"loading","after","loading_event","Upload Texture Publish","3","12","6.211666","0.5176388333333334","0.48896249999999997","0.8164923999999999","0.88881608","0.906897","0","0","0","0","0.431987","0.545862"
"loading","after","loading_event","Upload Build CPU Mips","3","12","717.3140450000001","59.77617041666667","59.999883","70.0083504","70.10604448","70.130468","12","11","100","91.66666666666667","57.08516","62.7705225"
"loading","after","loading_event","Load Texture Transfer Job","3","12","2153.251217","179.43760141666667","182.62196799999998","195.1848931","199.00162822000001","199.955812","12","12","100","100","179.58590850000002","184.58254549999998"
"loading","after","loading_event","Render Prepare Transforms","3","14187","141.39956700000076","0.010201216260283","0.00927","0.01255","0.016391999999999993","0.107077","0","0","0","0","0.00923","0.00931"
"loading","after","loading_event","Job Render Transforms","3","14187","140.2752709999997","0.01012231275476149","0.0092","0.0124695","0.016199699999999928","0.107027","0","0","0","0","0.00916","0.00923"
"loading","after","loading_event","Decode Texture","3","12","1387.1597310000002","115.59664425000001","116.72730250000001","123.5998068","125.19428936","125.59291","12","12","100","100","116.007837","117.0514945"
"loading","after","loading_event","Present","3","14187","3279.7814250000124","0.23297493557482302","0.204636","0.3035929999999999","0.5942904","3.393097","0","0","0","0","0.203046","0.215096"
"loading","after","loading_event","Main Frame","3","14186","5995.578939000032","0.42264055681658197","0.383622","0.54538675","0.9541188600000005","14.160282","0","0","0","0","0.379822","0.395457"
"loading","after","loading_event","Upload Graphics Acquire","3","16","0.006","0.000375","0.00028","0.00084","0.000912","0.00093","0","0","0","0","0.000205","0.00034"
"loading","after","loading_event","Parse Mesh Data","3","4","1841.075269","460.26881725","471.72724949999997","485.10998754999997","485.60099911","485.723752","4","4","100","100","451.947627","487.565354"
"loading","after","loading_event","Render Submit","3","14187","417.97252399999894","0.030605846451523828","0.02755","0.0387645","0.06367469999999999","1.290004","0","0","0","0","0.027389","0.02766"
"loading","after","loading_event","Asset Main Thread Tasks","3","14187","18.1180719999997","0.0012818654858074323","0.00054","0.00103","0.00218","0.918857","0","0","0","0","0.00053","0.00057"
"loading","after","loading_event","Load Mesh Transfer Job","3","4","1849.303938","462.3259845","473.6643595","486.9366181","487.42713562","487.549765","4","4","100","100","454.205096","491.205945"
"loading","after","loading_event","Upload Transfer Submit","3","16","67.27387300000001","4.204617062500001","3.757131","8.75754175","9.778181949999999","10.033342","0","0","0","0","3.595687","4.4275095"
"loading","after","loading_event","Upload Transfer Record","3","16","59.239235","3.7024521875","3.6759795","5.79063025","8.487899149999999","8.940509","0","0","0","0","3.5951075","3.913243"
