"id","scene","mode","repeat","window","zone","count","total_ms","mean_ms","count_over_16_67ms","count_over_50ms","percent_over_16_67ms","percent_over_50ms","median_ms","p95_ms","p99_ms","max_ms"
"loading-before-01","loading","before","1","steady","Render Gather","23919","78.04693700000233","0.0032629682260965063","0","0","0","0","0.00274","0.003979","0.00896982","3.714166"
"loading-before-01","loading","before","1","steady","Upload Texture GPU","12","57.950194","4.829182833333333","0","0","0","0","4.488713","8.532472849999996","10.910405770000004","11.504889"
"loading-before-01","loading","before","1","steady","Asset Dispatch","16","0.089627","0.0056016875","0","0","0","0","0.0029795","0.015325000000000002","0.018841","0.01972"
"loading-before-01","loading","before","1","steady","Job Render Transforms","23919","238.25484900000114","0.009960903424056238","0","0","0","0","0.00921","0.01224","0.015955579999999994","0.315363"
"loading-before-01","loading","before","1","steady","Parse Mesh Data","4","1823.2254389999998","455.80635974999996","4","4","100","100","472.199659","485.0185232","485.91201824","486.135392"
"loading-before-01","loading","before","1","steady","Render Prepare Transforms","23919","240.21432999999814","0.010042824950875795","0","0","0","0","0.00928","0.01234","0.016236219999999996","0.315993"
"loading-before-01","loading","before","1","steady","Present","23919","6184.847869000001","0.25857468410050594","0","0","0","0","0.213556","0.40061299999999983","1.2432654799999943","14.205874"
"loading-before-01","loading","before","1","steady","Load Texture CPU","12","1460.4981319999997","121.70817766666664","12","12","100","100","123.9251495","126.5354844","127.61520568","127.885136"
"loading-before-01","loading","before","1","steady","Decode Texture","12","1460.362144","121.69684533333333","12","12","100","100","123.9171795","126.51624045","127.60546088999999","127.877766"
"loading-before-01","loading","before","1","steady","Render Submit","23919","713.0153750000068","0.02980958129520493","0","0","0","0","0.02747","0.039750899999999985","0.06477441999999997","0.212896"
"loading-before-01","loading","before","1","steady","Asset GPU Finalize","16","83.653402","5.228337625","0","0","0","0","4.4880175","12.095677250000001","13.509993049999999","13.863572"
"loading-before-01","loading","before","1","steady","Main Frame","23918","10992.388632999979","0.4595864467346759","0","0","0","0","0.39592700000000003","0.7112266499999995","1.6329939799999964","15.968549"
"loading-before-01","loading","before","1","steady","Load Mesh CPU","4","1823.276337","455.81908425","4","4","100","100","472.204699","485.03348370000003","485.92879434","486.152622"
"loading-before-01","loading","before","1","steady","Upload Mesh GPU","4","25.680988","6.420247","0","0","0","0","4.1543185000000005","12.469002399999997","13.583090079999996","13.861612"
"loading-before-01","loading","before","1","steady","Asset Main Thread Tasks","23919","98.94084099999975","0.004136495714703782","0","0","0","0","0.00052","0.00101","0.0021","13.876742"
"loading-before-01","loading","before","1","steady","Asset Decode Job","16","3283.839898","205.239993625","16","16","100","100","125.0051965","480.559208","485.03594719999995","486.155132"
"loading-before-01","loading","before","1","loading_event","Render Gather","13348","45.41633500000073","0.003402482394366252","0","0","0","0","0.002739","0.003916499999999996","0.00913953","3.714166"
"loading-before-01","loading","before","1","loading_event","Upload Texture GPU","12","57.950194","4.829182833333333","0","0","0","0","4.488713","8.532472849999996","10.910405770000004","11.504889"
"loading-before-01","loading","before","1","loading_event","Asset Dispatch","16","0.089627","0.0056016875","0","0","0","0","0.0029795","0.015325000000000002","0.018841","0.01972"
"loading-before-01","loading","before","1","loading_event","Job Render Transforms","13348","133.8510260000004","0.010027796373988642","0","0","0","0","0.00921","0.012339649999999999","0.016591200000000028","0.050093"
"loading-before-01","loading","before","1","loading_event","Parse Mesh Data","4","1823.2254389999998","455.80635974999996","4","4","100","100","472.199659","485.0185232","485.91201824","486.135392"
"loading-before-01","loading","before","1","loading_event","Render Prepare Transforms","13348","134.94091099999662","0.010109447932274244","0","0","0","0","0.009289","0.01244","0.016800200000000026","0.050563"
"loading-before-01","loading","before","1","loading_event","Present","13347","3308.6109049999923","0.24789172885292518","0","0","0","0","0.208716","0.3797173","0.917890199999994","14.205874"
"loading-before-01","loading","before","1","loading_event","Load Texture CPU","12","1460.4981319999997","121.70817766666664","12","12","100","100","123.9251495","126.5354844","127.61520568","127.885136"
"loading-before-01","loading","before","1","loading_event","Decode Texture","12","1460.362144","121.69684533333333","12","12","100","100","123.9171795","126.51624045","127.60546088999999","127.877766"
"loading-before-01","loading","before","1","loading_event","Render Submit","13348","403.8031979999984","0.030251962691039736","0","0","0","0","0.027559","0.0401555","0.0662491000000001","0.212896"
"loading-before-01","loading","before","1","loading_event","Asset GPU Finalize","16","83.653402","5.228337625","0","0","0","0","4.4880175","12.095677250000001","13.509993049999999","13.863572"
"loading-before-01","loading","before","1","loading_event","Main Frame","13347","5995.303362","0.4491873351314902","0","0","0","0","0.385882","0.6669793999999999","1.2882835199999791","15.968549"
"loading-before-01","loading","before","1","loading_event","Load Mesh CPU","4","1823.276337","455.81908425","4","4","100","100","472.204699","485.03348370000003","485.92879434","486.152622"
"loading-before-01","loading","before","1","loading_event","Upload Mesh GPU","4","25.680988","6.420247","0","0","0","0","4.1543185000000005","12.469002399999997","13.583090079999996","13.861612"
"loading-before-01","loading","before","1","loading_event","Asset Main Thread Tasks","13348","92.4682359999994","0.006927497452801873","0","0","0","0","0.00052","0.00103","0.002390600000000013","13.876742"
"loading-before-01","loading","before","1","loading_event","Asset Decode Job","16","3283.839898","205.239993625","16","16","100","100","125.0051965","480.559208","485.03594719999995","486.155132"
"loading-after-01","loading","after","1","steady","Render Gather","24720","83.03081900000518","0.003358851901294708","0","0","0","0","0.002809","0.00388","0.00801589000000009","4.127834"
"loading-after-01","loading","after","1","steady","Upload Mesh Publish","4","1.843611","0.46090275","0","0","0","0","0.4721035","0.51448635","0.51777807","0.518601"
"loading-after-01","loading","after","1","steady","Asset GPU Finalize","16","8.080105","0.5050065625","0","0","0","0","0.485775","0.72568475","0.78186575","0.795911"
"loading-after-01","loading","after","1","steady","Asset Dispatch","16","0.091946","0.005746625","0","0","0","0","0.0027695","0.017874","0.019757999999999998","0.020229"
"loading-after-01","loading","after","1","steady","Asset Decode Job","16","3996.5817339999994","249.78635837499996","16","16","100","100","183.8605105","484.4858905","486.9391501","487.552465"
"loading-after-01","loading","after","1","steady","Upload Texture Publish","12","6.211666","0.5176388333333334","0","0","0","0","0.48896249999999997","0.74315225","0.7836872500000001","0.793821"
"loading-after-01","loading","after","1","steady","Upload Build CPU Mips","12","696.402653","58.03355441666667","12","11","100","91.66666666666667","57.08516","70.0083504","70.10604448","70.130468"
"loading-after-01","loading","after","1","steady","Load Texture Transfer Job","12","2147.251226","178.93760216666666","12","12","100","100","179.58590850000002","195.1848931","199.00162822000001","199.955812"
"loading-after-01","loading","after","1","steady","Render Prepare Transforms","24720","255.2251079999981","0.010324640291262059","0","0","0","0","0.00929","0.01273","0.01678","0.162467"
"loading-after-01","loading","after","1","steady","Job Render Transforms","24720","253.20862399999703","0.010243067313915737","0","0","0","0","0.00922","0.012639","0.01658981","0.162397"
"loading-after-01","loading","after","1","steady","Decode Texture","12","1387.1597310000002","115.59664425000001","12","12","100","100","116.72730250000001","123.5998068","125.19428936","125.59291"
"loading-after-01","loading","after","1","steady","Present","24720","5994.816004000028","0.24250873802589112","0","0","0","0","0.216616","0.3562682999999999","0.5940979000000011","3.393097"
"loading-after-01","loading","after","1","steady","Main Frame","24719","10992.533359000006","0.4446997596585625","0","0","0","0","0.400052","0.6123339999999999","0.9248802","15.800752"
"loading-after-01","loading","after","1","steady","Upload Graphics Acquire","16","0.0064199999999999995","0.00040124999999999997","0","0","0","0","0.000205","0.0011525","0.0013024999999999998","0.00134"
"loading-after-01","loading","after","1","steady","Parse Mesh Data","4","1841.075269","460.26881725","4","4","100","100","471.72724949999997","485.10998754999997","485.60099911","485.723752"
"loading-after-01","loading","after","1","steady","Render Submit","24719","760.329851999993","0.03075892439014495","0","0","0","0","0.027609","0.038910899999999984","0.06545882","1.07724"
"loading-after-01","loading","after","1","steady","Asset Main Thread Tasks","24720","24.103209999999915","0.0009750489482200613","0","0","0","0","0.00055","0.00102","0.00195","0.811971"
"loading-after-01","loading","after","1","steady","Load Mesh Transfer Job","4","1849.303938","462.3259845","4","4","100","100","473.6643595","486.9366181","487.42713562","487.549765"
"loading-after-01","loading","after","1","steady","Upload Transfer Submit","16","66.754368","4.172148","0","0","0","0","3.757131","8.75754175","9.778181949999999","10.033342"
"loading-after-01","loading","after","1","steady","Upload Transfer Record","16","59.239235","3.7024521875","0","0","0","0","3.6759795","5.79063025","9.177263649999999","10.023922"
"loading-after-01","loading","after","1","loading_event","Render Gather","13493","46.88390800000116","0.0034746837619507275","0","0","0","0","0.002799","0.00397","0.008300799999999999","4.127834"
"loading-after-01","loading","after","1","loading_event","Upload Mesh Publish","4","1.843611","0.46090275","0","0","0","0","0.4721035","0.51448635","0.51777807","0.518601"
"loading-after-01","loading","after","1","loading_event","Asset GPU Finalize","16","8.080105","0.5050065625","0","0","0","0","0.485775","0.72568475","0.78186575","0.795911"
"loading-after-01","loading","after","1","loading_event","Asset Dispatch","16","0.091946","0.005746625","0","0","0","0","0.0027695","0.017874","0.019757999999999998","0.020229"
"loading-after-01","loading","after","1","loading_event","Asset Decode Job","16","3996.5817339999994","249.78635837499996","16","16","100","100","183.8605105","484.4858905","486.9391501","487.552465"
"loading-after-01","loading","after","1","loading_event","Upload Texture Publish","12","6.211666","0.5176388333333334","0","0","0","0","0.48896249999999997","0.74315225","0.7836872500000001","0.793821"
"loading-after-01","loading","after","1","loading_event","Upload Build CPU Mips","12","696.402653","58.03355441666667","12","11","100","91.66666666666667","57.08516","70.0083504","70.10604448","70.130468"
"loading-after-01","loading","after","1","loading_event","Load Texture Transfer Job","12","2147.251226","178.93760216666666","12","12","100","100","179.58590850000002","195.1848931","199.00162822000001","199.955812"
"loading-after-01","loading","after","1","loading_event","Render Prepare Transforms","13493","137.64501099999853","0.010201216260283","0","0","0","0","0.00927","0.012643599999999998","0.01692908","0.090428"
"loading-after-01","loading","after","1","loading_event","Job Render Transforms","13493","136.5803659999968","0.01012231275476149","0","0","0","0","0.0092","0.012549399999999999","0.016779879999999997","0.090358"
"loading-after-01","loading","after","1","loading_event","Decode Texture","12","1387.1597310000002","115.59664425000001","12","12","100","100","116.72730250000001","123.5998068","125.19428936","125.59291"
"loading-after-01","loading","after","1","loading_event","Present","13493","3279.7814250000124","0.24307280997554379","0","0","0","0","0.215096","0.3684673999999999","0.5942904","3.393097"
"loading-after-01","loading","after","1","loading_event","Main Frame","13492","5995.453761999993","0.4443710170471385","0","0","0","0","0.395457","0.6324919999999995","0.9541188600000005","15.800752"
"loading-after-01","loading","after","1","loading_event","Upload Graphics Acquire","16","0.0064199999999999995","0.00040124999999999997","0","0","0","0","0.000205","0.0011525","0.0013024999999999998","0.00134"
"loading-after-01","loading","after","1","loading_event","Parse Mesh Data","4","1841.075269","460.26881725","4","4","100","100","471.72724949999997","485.10998754999997","485.60099911","485.723752"
"loading-after-01","loading","after","1","loading_event","Render Submit","13493","414.8026629999993","0.03074206351441483","0","0","0","0","0.02755","0.040413","0.06759127999999999","1.07724"
"loading-after-01","loading","after","1","loading_event","Asset Main Thread Tasks","13493","17.296210999999683","0.0012818654858074323","0","0","0","0","0.00054","0.00109","0.00218","0.811971"
"loading-after-01","loading","after","1","loading_event","Load Mesh Transfer Job","4","1849.303938","462.3259845","4","4","100","100","473.6643595","486.9366181","487.42713562","487.549765"
"loading-after-01","loading","after","1","loading_event","Upload Transfer Submit","16","66.754368","4.172148","0","0","0","0","3.757131","8.75754175","9.778181949999999","10.033342"
"loading-after-01","loading","after","1","loading_event","Upload Transfer Record","16","59.239235","3.7024521875","0","0","0","0","3.6759795","5.79063025","9.177263649999999","10.023922"
"loading-after-02","loading","after","2","steady","Render Gather","25862","80.60096900000232","0.0031165791122110555","0","0","0","0","0.00271","0.00359","0.00747","4.013868"
"loading-after-02","loading","after","2","steady","Upload Mesh Publish","4","1.9445270000000001","0.48613175000000003","0","0","0","0","0.420399","0.7384573999999999","0.78110348","0.791765"
"loading-after-02","loading","after","2","steady","Asset GPU Finalize","16","8.789992999999999","0.5493745624999999","0","0","0","0","0.5406465","0.8227279999999999","0.8911351999999999","0.908237"
"loading-after-02","loading","after","2","steady","Asset Dispatch","16","0.105969","0.0066230625","0","0","0","0","0.0032500000000000003","0.02134225","0.027347649999999994","0.028849"
"loading-after-02","loading","after","2","steady","Job Render Transforms","25862","253.66492999999068","0.009808403449075504","0","0","0","0","0.00916","0.01207","0.015590699999999983","0.367533"
"loading-after-02","loading","after","2","steady","Upload Texture Publish","12","6.819357999999999","0.5682798333333333","0","0","0","0","0.545862","0.8164923999999999","0.88881608","0.906897"
"loading-after-02","loading","after","2","steady","Render Prepare Transforms","25862","255.69137100000378","0.009886759376691817","0","0","0","0","0.00923","0.01216","0.01579939","0.367623"
"loading-after-02","loading","after","2","steady","Decode Texture","12","1417.457351","118.12144591666667","12","12","100","100","117.0514945","125.38594605","126.91594441000001","127.298444"
"loading-after-02","loading","after","2","steady","Asset Decode Job","16","4159.6286820000005","259.97679262500003","16","16","100","100","186.21339949999998","495.885765","499.8247146","500.809452"
"loading-after-02","loading","after","2","steady","Upload Transfer Record","16","64.368708","4.02304425","0","0","0","0","3.913243","6.677459750000001","8.487899149999999","8.940509"
"loading-after-02","loading","after","2","steady","Load Texture Transfer Job","12","2248.910823","187.40923525000002","12","12","100","100","184.58254549999998","199.79497175","201.13511275","201.470148"
"loading-after-02","loading","after","2","steady","Render Submit","25862","753.4331480000159","0.029132826076870153","0","0","0","0","0.027349","0.035859","0.055339","1.501766"
"loading-after-02","loading","after","2","steady","Present","25861","6076.71934599997","0.23497619372800627","4","0","0.015467305981980588","0","0.203756","0.308164","0.630255","49.937066"
"loading-after-02","loading","after","2","steady","Main Frame","25861","10992.751738000048","0.42507063678898915","4","1","0.015467305981980588","0.003866826495495147","0.378283","0.558149","1.0231924000000043","50.278679"
"loading-after-02","loading","after","2","steady","Upload Graphics Acquire","16","0.006","0.000375","0","0","0","0","0.00034","0.00084","0.000912","0.00093"
"loading-after-02","loading","after","2","steady","Parse Mesh Data","4","1898.8009149999998","474.70022874999995","4","4","100","100","487.565354","497.31136425","498.36760964999996","498.631671"
"loading-after-02","loading","after","2","steady","Asset Main Thread Tasks","25862","24.82058700000276","0.0009597319232852355","0","0","0","0","0.00053","0.00095","0.00185","0.918857"
"loading-after-02","loading","after","2","steady","Load Mesh Transfer Job","4","1910.682819","477.67070475","4","4","100","100","491.205945","499.8217441","500.60935042","500.806252"
"loading-after-02","loading","after","2","steady","Upload Build CPU Mips","12","763.3248930000001","63.61040775000001","12","12","100","100","62.7705225","70.9272642","71.98868324","72.254038"
"loading-after-02","loading","after","2","steady","Upload Transfer Submit","16","74.187037","4.6366898125","0","0","0","0","4.4275095","7.343077","8.6302546","8.952049"
"loading-after-02","loading","after","2","loading_event","Render Gather","14187","46.45409600000023","0.0032744129132304383","0","0","0","0","0.00271","0.00359","0.00791265999999999","4.013868"
"loading-after-02","loading","after","2","loading_event","Upload Mesh Publish","4","1.9445270000000001","0.48613175000000003","0","0","0","0","0.420399","0.7384573999999999","0.78110348","0.791765"
"loading-after-02","loading","after","2","loading_event","Asset GPU Finalize","16","8.789992999999999","0.5493745624999999","0","0","0","0","0.5406465","0.8227279999999999","0.8911351999999999","0.908237"
"loading-after-02","loading","after","2","loading_event","Asset Dispatch","16","0.105969","0.0066230625","0","0","0","0","0.0032500000000000003","0.02134225","0.027347649999999994","0.028849"
"loading-after-02","loading","after","2","loading_event","Job Render Transforms","14187","140.2752709999997","0.009887592232325347","0","0","0","0","0.00916","0.012139699999999998","0.016072799999999988","0.367533"
"loading-after-02","loading","after","2","loading_event","Upload Texture Publish","12","6.819357999999999","0.5682798333333333","0","0","0","0","0.545862","0.8164923999999999","0.88881608","0.906897"
"loading-after-02","loading","after","2","loading_event","Render Prepare Transforms","14187","141.39956700000076","0.009966840558257613","0","0","0","0","0.00923","0.01223","0.016361259999999996","0.367623"
"loading-after-02","loading","after","2","loading_event","Decode Texture","12","1417.457351","118.12144591666667","12","12","100","100","117.0514945","125.38594605","126.91594441000001","127.298444"
"loading-after-02","loading","after","2","loading_event","Asset Decode Job","16","4159.6286820000005","259.97679262500003","16","16","100","100","186.21339949999998","495.885765","499.8247146","500.809452"
"loading-after-02","loading","after","2","loading_event","Upload Transfer Record","16","64.368708","4.02304425","0","0","0","0","3.913243","6.677459750000001","8.487899149999999","8.940509"
"loading-after-02","loading","after","2","loading_event","Load Texture Transfer Job","12","2248.910823","187.40923525000002","12","12","100","100","184.58254549999998","199.79497175","201.13511275","201.470148"
"loading-after-02","loading","after","2","loading_event","Render Submit","14187","417.97252399999894","0.029461656727990337","0","0","0","0","0.027389","0.03596669999999999","0.057370199999999955","1.501766"
"loading-after-02","loading","after","2","loading_event","Present","14187","3305.2154110000142","0.23297493557482302","0","0","0","0","0.204636","0.3035929999999999","0.6686976399999955","12.77961"
"loading-after-02","loading","after","2","loading_event","Main Frame","14186","5995.578939000032","0.42264055681658197","0","0","0","0","0.379822","0.54538675","1.160021499999999","14.160282"
"loading-after-02","loading","after","2","loading_event","Upload Graphics Acquire","16","0.006","0.000375","0","0","0","0","0.00034","0.00084","0.000912","0.00093"
"loading-after-02","loading","after","2","loading_event","Parse Mesh Data","4","1898.8009149999998","474.70022874999995","4","4","100","100","487.565354","497.31136425","498.36760964999996","498.631671"
"loading-after-02","loading","after","2","loading_event","Asset Main Thread Tasks","14187","18.1180719999997","0.0012770897300345176","0","0","0","0","0.00053","0.00102","0.00215","0.918857"
"loading-after-02","loading","after","2","loading_event","Load Mesh Transfer Job","4","1910.682819","477.67070475","4","4","100","100","491.205945","499.8217441","500.60935042","500.806252"
"loading-after-02","loading","after","2","loading_event","Upload Build CPU Mips","12","763.3248930000001","63.61040775000001","12","12","100","100","62.7705225","70.9272642","71.98868324","72.254038"
"loading-after-02","loading","after","2","loading_event","Upload Transfer Submit","16","74.187037","4.6366898125","0","0","0","0","4.4275095","7.343077","8.6302546","8.952049"
"loading-before-02","loading","before","2","steady","Render Gather","21690","66.51392700000426","0.003066571092669629","0","0","0","0","0.00273","0.00328","0.008143300000000016","4.112862"
"loading-before-02","loading","before","2","steady","Upload Texture GPU","12","61.108422999999995","5.092368583333333","0","0","0","0","5.085593","8.173240199999997","9.76777204","10.166405"
"loading-before-02","loading","before","2","steady","Asset Dispatch","16","0.100977","0.0063110625","0","0","0","0","0.003045","0.0194","0.021152","0.02159"
"loading-before-02","loading","before","2","steady","Job Render Transforms","21690","202.14415500000888","0.009319693637621434","0","0","0","0","0.009079","0.01053","0.013230990000000005","0.187506"
"loading-before-02","loading","before","2","steady","Parse Mesh Data","4","1466.586913","366.64672825","4","4","100","100","363.05609300000003","384.6328987","387.33795094","388.014214"
"loading-before-02","loading","before","2","steady","Render Prepare Transforms","21690","203.71537499998732","0.009392133471645334","0","0","0","0","0.009149","0.010619","0.01336","0.187586"
"loading-before-02","loading","before","2","steady","Present","21691","6936.257480000018","0.3197758277626674","0","0","0","0","0.247135","0.38681200000000004","2.7775693999999986","3.418631"
"loading-before-02","loading","before","2","steady","Load Texture CPU","12","1319.327432","109.94395266666668","12","12","100","100","109.5493955","115.19925285","116.21953936999999","116.474611"
"loading-before-02","loading","before","2","steady","Decode Texture","12","1319.181584","109.93179866666667","12","12","100","100","109.5419705","115.1707674","116.20624228","116.465111"
"loading-before-02","loading","before","2","steady","Render Submit","21690","596.2887810000038","0.027491414522821753","0","0","0","0","0.026449","0.03316449999999999","0.05330031000000001","0.259625"
"loading-before-02","loading","before","2","steady","Asset GPU Finalize","16","77.79656","4.862285","0","0","0","0","4.6140075","7.451343","9.6258486","10.169475"
"loading-before-02","loading","before","2","steady","Main Frame","21690","10994.199284000035","0.5068787129552805","0","0","0","0","0.408672","0.6950819","2.9816166000000006","11.542048"
"loading-before-02","loading","before","2","steady","Load Mesh CPU","4","1466.610373","366.65259325","4","4","100","100","363.061368","384.6363602","387.34126724","388.017494"
"loading-before-02","loading","before","2","steady","Upload Mesh GPU","4","16.663648000000002","4.1659120000000005","0","0","0","0","4.0498045000000005","4.8484586","4.93078052","4.951361"
"loading-before-02","loading","before","2","steady","Asset Main Thread Tasks","21690","90.1452829999999","0.004156075749193172","0","0","0","0","0.0005","0.0008","0.0016","10.181245"
"loading-before-02","loading","before","2","steady","Asset Decode Job","16","2786.0222029999995","174.12638768749997","16","16","100","100","111.1174985","371.1155","384.63906319999995","388.019954"
"loading-before-02","loading","before","2","loading_event","Render Gather","11748","37.965508999999685","0.003231657218249888","0","0","0","0","0.00273","0.0033","0.008510070000000014","4.112862"
"loading-before-02","loading","before","2","loading_event","Upload Texture GPU","12","61.108422999999995","5.092368583333333","0","0","0","0","5.085593","8.173240199999997","9.76777204","10.166405"
"loading-before-02","loading","before","2","loading_event","Asset Dispatch","16","0.100977","0.0063110625","0","0","0","0","0.003045","0.0194","0.021152","0.02159"
"loading-before-02","loading","before","2","loading_event","Job Render Transforms","11748","109.7920279999974","0.009345593122233351","0","0","0","0","0.00909","0.010635849999999997","0.013437100000000046","0.187506"
"loading-before-02","loading","before","2","loading_event","Parse Mesh Data","4","1466.586913","366.64672825","4","4","100","100","363.05609300000003","384.6328987","387.33795094","388.014214"
"loading-before-02","loading","before","2","loading_event","Render Prepare Transforms","11748","110.64573300000276","0.00941826123595529","0","0","0","0","0.00916","0.01072","0.01361590000000002","0.187586"
"loading-before-02","loading","before","2","loading_event","Present","11747","3745.0629089999975","0.31881015655060846","0","0","0","0","0.246875","0.38654249999999996","2.7480059999999966","3.418631"
"loading-before-02","loading","before","2","loading_event","Load Texture CPU","12","1319.327432","109.94395266666668","12","12","100","100","109.5493955","115.19925285","116.21953936999999","116.474611"
"loading-before-02","loading","before","2","loading_event","Decode Texture","12","1319.181584","109.93179866666667","12","12","100","100","109.5419705","115.1707674","116.20624228","116.465111"
"loading-before-02","loading","before","2","loading_event","Render Submit","11748","324.6845409999989","0.02763743113721475","0","0","0","0","0.02651","0.033279","0.05334550000000003","0.259625"
"loading-before-02","loading","before","2","loading_event","Asset GPU Finalize","16","77.79656","4.862285","0","0","0","0","4.6140075","7.451343","9.6258486","10.169475"
"loading-before-02","loading","before","2","loading_event","Main Frame","11747","5996.529163999984","0.5104732411679564","0","0","0","0","0.409071","0.6993872999999999","2.9741006199999966","11.542048"
"loading-before-02","loading","before","2","loading_event","Load Mesh CPU","4","1466.610373","366.65259325","4","4","100","100","363.061368","384.6363602","387.34126724","388.017494"
"loading-before-02","loading","before","2","loading_event","Upload Mesh GPU","4","16.663648000000002","4.1659120000000005","0","0","0","0","4.0498045000000005","4.8484586","4.93078052","4.951361"
"loading-before-02","loading","before","2","loading_event","Asset Main Thread Tasks","11748","84.75345400000033","0.007214287878787907","0","0","0","0","0.0005","0.00084","0.0017947700000000059","10.181245"
"loading-before-02","loading","before","2","loading_event","Asset Decode Job","16","2786.0222029999995","174.12638768749997","16","16","100","100","111.1174985","371.1155","384.63906319999995","388.019954"
"loading-before-03","loading","before","3","steady","Render Gather","19462","59.69745199999733","0.0030673852635904495","0","0","0","0","0.00274","0.0035195000000000074","0.008023899999999994","2.665082"
"loading-before-03","loading","before","3","steady","Upload Texture GPU","12","61.186904999999996","5.09890875","0","0","0","0","4.4735515","9.593040699999998","11.130860940000002","11.515316"
"loading-before-03","loading","before","3","steady","Asset Dispatch","16","0.069159","0.0043224375","0","0","0","0","0.00238","0.012154749999999999","0.016774149999999998","0.017929"
"loading-before-03","loading","before","3","steady","Job Render Transforms","19462","181.51155900000938","0.009326459716370845","0","0","0","0","0.00908","0.01050995","0.0131","0.144487"
"loading-before-03","loading","before","3","steady","Parse Mesh Data","4","1407.311713","351.82792825","4","4","100","100","355.807453","360.31962465","360.63359373","360.712086"
"loading-before-03","loading","before","3","steady","Render Prepare Transforms","19462","182.9390460000009","0.009399807111293849","0","0","0","0","0.00915","0.010608550000000007","0.013333899999999994","0.144567"
"loading-before-03","loading","before","3","steady","Present","19461","7343.349900999976","0.3773367196444158","0","0","0","0","0.246155","0.394002","4.303200400000007","4.972421"
"loading-before-03","loading","before","3","steady","Decode Texture","12","1307.889388","108.99078233333334","12","12","100","100","109.149488","114.21389479999999","114.34341495999999","114.375795"
"loading-before-03","loading","before","3","steady","Render Submit","19462","536.0171680000005","0.027541730962902092","0","0","0","0","0.026399","0.03351800000000001","0.053922899999999996","0.451617"
"loading-before-03","loading","before","3","steady","Asset GPU Finalize","16","85.99929","5.374955625","0","0","0","0","4.008210500000001","12.29001475","14.147563749999998","14.611951"
"loading-before-03","loading","before","3","steady","Main Frame","19461","10992.415558000059","0.5648433049689152","1","0","0.005138482092389908","0","0.407412","0.716111","4.491240000000002","16.750938"
"loading-before-03","loading","before","3","steady","Load Mesh CPU","4","1407.327693","351.83192325","4","4","100","100","355.811278","360.32231715","360.63602822999997","360.714456"
"loading-before-03","loading","before","3","steady","Load Texture CPU","12","1307.992046","108.99933716666668","12","12","100","100","109.157163","114.22447584999999","114.35209037","114.383994"
"loading-before-03","loading","before","3","steady","Upload Mesh GPU","4","24.768335","6.19208375","0","0","0","0","3.7350135","13.038586049999996","14.295950009999997","14.610291"
"loading-before-03","loading","before","3","steady","Asset Main Thread Tasks","19462","97.31673900000129","0.005000346264515532","0","0","0","0","0.00051","0.0008299500000000007","0.00166","14.623071"
"loading-before-03","loading","before","3","steady","Asset Decode Job","16","2715.399668","169.71247925","16","16","100","100","110.799276","358.75708675","360.32503015","360.717016"
"loading-before-03","loading","before","3","loading_event","Render Gather","10532","33.565593999999706","0.0031870104443600176","0","0","0","0","0.00274","0.00359","0.008366900000000005","2.665082"
"loading-before-03","loading","before","3","loading_event","Upload Texture GPU","12","61.186904999999996","5.09890875","0","0","0","0","4.4735515","9.593040699999998","11.130860940000002","11.515316"
"loading-before-03","loading","before","3","loading_event","Asset Dispatch","16","0.069159","0.0043224375","0","0","0","0","0.00238","0.012154749999999999","0.016774149999999998","0.017929"
"loading-before-03","loading","before","3","loading_event","Job Render Transforms","10532","98.24516499999915","0.009328253418154115","0","0","0","0","0.00908","0.01067","0.013206900000000004","0.142137"
"loading-before-03","loading","before","3","loading_event","Parse Mesh Data","4","1407.311713","351.82792825","4","4","100","100","355.807453","360.31962465","360.63359373","360.712086"
"loading-before-03","loading","before","3","loading_event","Render Prepare Transforms","10532","99.01072000000036","0.009400941891378689","0","0","0","0","0.00915","0.01078","0.013421400000000031","0.142737"
"loading-before-03","loading","before","3","loading_event","Present","10531","3971.5310110000073","0.37712762425220847","0","0","0","0","0.245605","0.3979695","4.290398000000003","4.972421"
"loading-before-03","loading","before","3","loading_event","Decode Texture","12","1307.889388","108.99078233333334","12","12","100","100","109.149488","114.21389479999999","114.34341495999999","114.375795"
"loading-before-03","loading","before","3","loading_event","Render Submit","10532","291.5201440000021","0.02767946676794551","0","0","0","0","0.02644","0.03381799999999998","0.05368729000000002","0.451617"
"loading-before-03","loading","before","3","loading_event","Asset GPU Finalize","16","85.99929","5.374955625","0","0","0","0","4.008210500000001","12.29001475","14.147563749999998","14.611951"
"loading-before-03","loading","before","3","loading_event","Main Frame","10531","5987.678224999983","0.5685764148703811","1","0","0.009495774380400722","0","0.406612","0.7418785","4.4887953000000005","16.750938"
"loading-before-03","loading","before","3","loading_event","Load Mesh CPU","4","1407.327693","351.83192325","4","4","100","100","355.811278","360.32231715","360.63602822999997","360.714456"
"loading-before-03","loading","before","3","loading_event","Load Texture CPU","12","1307.992046","108.99933716666668","12","12","100","100","109.157163","114.22447584999999","114.35209037","114.383994"
"loading-before-03","loading","before","3","loading_event","Upload Mesh GPU","4","24.768335","6.19208375","0","0","0","0","3.7350135","13.038586049999996","14.295950009999997","14.610291"
"loading-before-03","loading","before","3","loading_event","Asset Main Thread Tasks","10532","92.43409099999941","0.00877649933535885","0","0","0","0","0.00051","0.00087","0.0019069000000000052","14.623071"
"loading-before-03","loading","before","3","loading_event","Asset Decode Job","16","2715.399668","169.71247925","16","16","100","100","110.799276","358.75708675","360.32503015","360.717016"
"loading-after-03","loading","after","3","steady","Render Gather","26624","86.65030799999231","0.0032545939002400956","0","0","0","0","0.00278","0.00373","0.007695400000000009","3.495914"
"loading-after-03","loading","after","3","steady","Upload Mesh Publish","4","10.976457","2.74411425","0","0","0","0","0.560034","8.173215649999998","9.236663929999997","9.502526"
"loading-after-03","loading","after","3","steady","Asset GPU Finalize","16","16.779989999999998","1.0487493749999999","0","0","0","0","0.4491165","3.064406","8.216125999999997","9.504056"
"loading-after-03","loading","after","3","steady","Asset Dispatch","16","0.103568","0.006473","0","0","0","0","0.003335","0.02159225","0.02243765","0.022649"
"loading-after-03","loading","after","3","steady","Asset Decode Job","16","3939.0975859999994","246.19359912499996","16","16","100","100","185.3051135","458.55425025","461.32867245","462.022278"
"loading-after-03","loading","after","3","steady","Upload Texture Publish","12","5.781815","0.4818179166666667","0","0","0","0","0.431987","0.8720205999999999","0.90705692","0.915816"
"loading-after-03","loading","after","3","steady","Upload Transfer Record","16","58.39267","3.649541875","0","0","0","0","3.5951075","5.4697","8.222531199999999","8.910739"
"loading-after-03","loading","after","3","steady","Upload Build CPU Mips","12","717.3140450000001","59.77617041666667","12","11","100","91.66666666666667","59.999883","68.4720414","68.95732268","69.078643"
"loading-after-03","loading","after","3","steady","Render Prepare Transforms","26624","270.96479299999606","0.01017746367938687","0","0","0","0","0.0093","0.01238","0.016066930000000004","0.112778"
"loading-after-03","loading","after","3","steady","Job Render Transforms","26624","268.8556470000024","0.01009824395282461","0","0","0","0","0.00922","0.01228","0.015952330000000015","0.112678"
"loading-after-03","loading","after","3","steady","Upload Transfer Submit","16","67.27387300000001","4.204617062500001","0","0","0","0","3.595687","9.986832249999999","12.54401605","13.183312"
"loading-after-03","loading","after","3","steady","Load Texture Transfer Job","12","2153.251217","179.43760141666667","12","12","100","100","182.62196799999998","192.67272115","194.23851703","194.629966"
"loading-after-03","loading","after","3","steady","Present","26623","5754.86065499994","0.21616123859069003","0","0","0","0","0.202606","0.29390949999999993","0.37639469999999997","2.838417"
"loading-after-03","loading","after","3","steady","Main Frame","26623","10992.204090000012","0.4128837505164712","0","0","0","0","0.381792","0.5447579999999997","0.7701653999999999","10.534817"
"loading-after-03","loading","after","3","steady","Upload Graphics Acquire","16","0.00488","0.000305","0","0","0","0","0.00028","0.00053","0.000602","0.00062"
"loading-after-03","loading","after","3","steady","Decode Texture","12","1372.747841","114.39565341666668","12","12","100","100","116.007837","122.1539326","122.86152652","123.038425"
"loading-after-03","loading","after","3","steady","Parse Mesh Data","4","1776.793937","444.19848425","4","4","100","100","451.947627","458.89389194999995","459.47815598999995","459.624222"
"loading-after-03","loading","after","3","steady","Render Submit","26624","803.5728919999995","0.03018227509014421","0","0","0","0","0.02758","0.03844","0.06164593","1.290004"
"loading-after-03","loading","after","3","steady","Asset Main Thread Tasks","26624","34.16250899999901","0.0012831471228965975","0","0","0","0","0.00056","0.00099","0.00189","9.513636"
"loading-after-03","loading","after","3","steady","Load Mesh Transfer Job","4","1785.821629","446.45540725","4","4","100","100","454.205096","461.32716295","461.88208699","462.020818"
"loading-after-03","loading","after","3","loading_event","Render Gather","14471","48.95459300000261","0.003382944717020428","0","0","0","0","0.00279","0.0038","0.007792999999999993","3.495914"
"loading-after-03","loading","after","3","loading_event","Upload Mesh Publish","4","10.976457","2.74411425","0","0","0","0","0.560034","8.173215649999998","9.236663929999997","9.502526"
"loading-after-03","loading","after","3","loading_event","Asset GPU Finalize","16","16.779989999999998","1.0487493749999999","0","0","0","0","0.4491165","3.064406","8.216125999999997","9.504056"
"loading-after-03","loading","after","3","loading_event","Asset Dispatch","16","0.103568","0.006473","0","0","0","0","0.003335","0.02159225","0.02243765","0.022649"
"loading-after-03","loading","after","3","loading_event","Asset Decode Job","16","3939.0975859999994","246.19359912499996","16","16","100","100","185.3051135","458.55425025","461.32867245","462.022278"
"loading-after-03","loading","after","3","loading_event","Upload Texture Publish","12","5.781815","0.4818179166666667","0","0","0","0","0.431987","0.8720205999999999","0.90705692","0.915816"
"loading-after-03","loading","after","3","loading_event","Upload Transfer Record","16","58.39267","3.649541875","0","0","0","0","3.5951075","5.4697","8.222531199999999","8.910739"
"loading-after-03","loading","after","3","loading_event","Upload Build CPU Mips","12","717.3140450000001","59.77617041666667","12","11","100","91.66666666666667","59.999883","68.4720414","68.95732268","69.078643"
"loading-after-03","loading","after","3","loading_event","Render Prepare Transforms","14471","149.07070600000102","0.01030134102688142","0","0","0","0","0.00931","0.01255","0.016391999999999993","0.107077"
"loading-after-03","loading","after","3","loading_event","Job Render Transforms","14471","147.90489599999884","0.010220779213599533","0","0","0","0","0.00923","0.0124695","0.016199699999999928","0.107027"
"loading-after-03","loading","after","3","loading_event","Upload Transfer Submit","16","67.27387300000001","4.204617062500001","0","0","0","0","3.595687","9.986832249999999","12.54401605","13.183312"
"loading-after-03","loading","after","3","loading_event","Load Texture Transfer Job","12","2153.251217","179.43760141666667","12","12","100","100","182.62196799999998","192.67272115","194.23851703","194.629966"
"loading-after-03","loading","after","3","loading_event","Present","14471","3119.471618000002","0.21556710787091438","0","0","0","0","0.203046","0.290669","0.37786759999999947","1.143037"
"loading-after-03","loading","after","3","loading_event","Main Frame","14471","5995.755593999982","0.41432904388086395","0","0","0","0","0.383622","0.541104","0.7818089999999995","10.534817"
"loading-after-03","loading","after","3","loading_event","Upload Graphics Acquire","16","0.00488","0.000305","0","0","0","0","0.00028","0.00053","0.000602","0.00062"
"loading-after-03","loading","after","3","loading_event","Decode Texture","12","1372.747841","114.39565341666668","12","12","100","100","116.007837","122.1539326","122.86152652","123.038425"
"loading-after-03","loading","after","3","loading_event","Parse Mesh Data","4","1776.793937","444.19848425","4","4","100","100","451.947627","458.89389194999995","459.47815598999995","459.624222"
"loading-after-03","loading","after","3","loading_event","Render Submit","14471","442.8972040000013","0.030605846451523828","0","0","0","0","0.02766","0.0387645","0.06367469999999999","1.290004"
"loading-after-03","loading","after","3","loading_event","Asset Main Thread Tasks","14472","26.88681000000029","0.0018578503316749784","0","0","0","0","0.00057","0.00103","0.00223","9.513636"
"loading-after-03","loading","after","3","loading_event","Load Mesh Transfer Job","4","1785.821629","446.45540725","4","4","100","100","454.205096","461.32716295","461.88208699","462.020818"
